n,SMILE,class
0,CCC1=CC2Cc3[nH]c4oc(C5CC5)nc4c(=N)c3C(C1)C2,0.0
1,COc1cc2c(cc1OC)C(=O)C1(C2)C(c2ccc(F)cc2)C(c2ccccc2)NC12C(=O)Nc1ccccc12,0.0
2,COc1ccc2[nH]c(C(=O)NCCC3CCN(Cc4ccccc4)CC3)cc(=O)c2c1,1.0
3,CCN(CCCCCCN1C(=O)c2ccccc2C1=O)Cc1ccccc1OC,1.0
4,CCNC(=O)Oc1ccc2c(c1)C1(C)COC(C1)O2,1.0
5,C#CCOC[n+]1ccn(C)c1C=NO,0.0
6,CCN(C)C(=O)Oc1ccc(C=CC(=O)N2CCN(Cc3ccccc3)CC2)cc1,0.0
7,COc1cc(N)c(Cl)cc1C(=O)CCC1CCN(Cc2ccc(O)c(O)c2)CC1,1.0
8,CN(C)C(=O)Oc1cccc(C(=O)C=Cc2ccc(O)cc2)c1,1.0
9,CCN(C)C(=O)Oc1ccc2c(c1)C(N)CC2,0.0
10,COc1ccc(C(=O)N2CCN(CC(=O)N3CCN(CCCc4c[nH]c5ccccc45)CC3)CC2)cc1,0.0
11,CCOc1ccc(Cc2nc3cc(C(=O)N(CC)CC)ccc3n2CCCCCCN2CCCCC2)cc1,0.0
12,Nc1ccc(O)c(CN2CCOCC2)c1,0.0
13,COc1cccc2c1C=[N+](c1ccc(Br)cc1F)CC2,0.0
14,COc1cc2c(cc1O)CCC(C)(CC(=O)NCCCCCCCCN=c1c3c([nH]c4ccccc14)CCCC3)O2,1.0
15,C#CCNC(C)Cc1cccc(OC(=O)N(C)CCC)c1,0.0
16,CN(Cc1ccccc1)Cc1ccc(C(=O)c2ccc(O)c(F)c2)cc1,0.0
17,COc1cc(CNC(=O)CCCCC=CCCCN=c2c3c([nH]c4cc(Cl)ccc24)CC2C=C(C)CC3C2)ccc1O,1.0
18,CN(Cc1ccccc1)Cc1ccc(NC(=O)Cc2ccc(O)cc2)cc1,0.0
19,COc1ccc2cc3[n+](cc2c1OCc1ccc(SC)cc1)CCc1cc2c(cc1-3)OCO2,0.0
20,CCCCN1CCN=C1C=NO,0.0
21,O=C1C(=CC2CCN(Cc3ccccc3)CC2)Cc2cccc(O)c21,1.0
22,COc1cc(C=CC(=O)N(Cc2cccc3[nH]c4ccccc4c23)C(C)C)ccc1O,0.0
23,CN1c2ccc(OC(=O)Nc3ccccc3)cc2C2(C)CC[N+](C)([O-])C12,1.0
24,Oc1c(CNCCCCCCCCCN=c2c3c([nH]c4ccccc24)CCCC3)cc(Cl)c2cccnc12,1.0
25,COc1cccc2cc(C(=O)NCCCCCCCN=c3c4c([nH]c5ccccc35)CCCCC4)oc12,1.0
26,CCN(CC)C(=S)SCCOc1ccc2c(C)cc(=O)oc2c1,0.0
27,CCCCC1=NC2(CCCC2)C(=O)N1Cc1ccc(-c2ccccc2C#N)cc1,1.0
28,CC(=O)Oc1ccccc1[N+](C)(C)Cc1ccccc1,0.0
29,COc1cc2c(cc1OC)C[N+](C)(CCCCCCCc1cccc(OC)[n+]1C)CC2,1.0
30,CC(=O)n1cc(C=C2CN(Cc3ccccc3)CCC2=O)c2ccccc21,0.0
31,NC(CCCCn1cc(-c2ccccc2)nn1)C(=O)NCC1CCN(Cc2ccccc2)CC1,0.0
32,CCCCCCCNC(=O)Oc1ccc2c(c1)C1CCN(CCC)C1C2,1.0
33,COc1cc(C=CC(=O)N2CCN(c3cccc([N+](=O)[O-])c3)CC2)ccc1O,0.0
34,COc1ccc(CCN=c2[nH]c(CC(N)=O)nc3ccccc23)cc1OC,0.0
35,COc1ccc(CC(=O)n2nc(OCCCN3CCCCC3)c3ccccc32)cc1,0.0
36,CC(C)C1=NC2CCC34CC35C(=O)CC3(C)C(C(C)N(C)C)C(O)CC3(C)C5CCC4C2(C)CN1,0.0
37,O=C1c2ccccc2C(=O)N1CCCCCCCNCc1ccccc1F,1.0
38,COc1ccc2oc(C(=O)NC3CCN(Cc4ccccc4)CC3)cc(=O)c2c1,1.0
39,CC(C1C(O)CC2(C)C3CCC4C(=CCC5N=C(C(C)(C)C)OCC54C)CC3C(=O)CC12C)N(C)C,1.0
40,c1cc[n+](CCCCCCC[n+]2cccc3ccccc32)cc1,1.0
41,c1ccc2oc(CNCCCCCCCN=c3c4c([nH]c5ccccc35)CCCC4)cc2c1,1.0
42,CC(C)c1ccc(NC(=O)Oc2ccc3c(c2)C2(C)CCNC2N3)cc1,1.0
43,O=C(CNCc1cc(F)cc(F)c1)Nc1ccc2nc3n(c(=O)c2c1)CCC3,1.0
44,COc1ccc2c(c1)CCC(CC1C=CN(Cc3cccc(F)c3)C=C1C(C)=O)C2=O,0.0
45,CN1CCC2(C)c3cc(OC(=O)NCCCCCCCCN4CCOCC4)ccc3N(C)C12,1.0
46,CC(=O)c1c[n+](Cc2ccccc2C)ccc1CC1Cc2cc(Cl)ccc2C1=O,1.0
47,C#CC(C)C(C)OC[n+]1ccn(C)c1C=NO,0.0
48,CN1CCC2(C)c3cc(OC(=O)NCCCCCCCCCCCN4CCOCC4)ccc3N(C)C12,1.0
49,COc1cc2c(cc1O)CCC(C)(CCNCCCCCCCN=c1c3c([nH]c4cc(Cl)ccc14)CCCC3)O2,1.0
50,COc1ccc(C(=O)n2cc(C=C3CN(Cc4ccccc4)CCC3=O)c3ccccc32)cc1,0.0
51,CCCCCOc1nn(CCCCC)c2ccc([N+](=O)[O-])cc12,0.0
52,COc1cccc(-[n+]2ccc3cccc(OC)c3c2)c1,0.0
53,CCc1cc[n+](CC=CC[n+]2ccc(CC)cc2)cc1,0.0
54,NS(=O)(=O)c1ccc(NC(=S)NN=c2c3c([nH]c4ccccc24)CCCC3)cc1,1.0
55,CCN(CC)Cc1cccc(C(=O)c2c(-c3ccc(OCCCCCCCN(C)Cc4ccccc4)cc3)oc3ccccc23)c1,0.0
56,COc1cc(CCC(=O)N=CC(=O)Nc2cccc(F)c2)ccc1O,0.0
57,C#CCN(C)Cc1ccc(C(=O)c2ccc(OC)c(OC)c2)cc1,0.0
58,COc1nc(-c2cc[nH]c(=NC(=O)C3CC3)c2)sc1C(=O)NCCN=c1c2c([nH]c3ccccc13)CCCC2,1.0
59,CC(C)(C)OC(=O)n1cc(C=C2CN(Cc3ccccc3)CCC2=O)c2ccccc21,0.0
60,CCN(CC)CCOC(=O)C=Cc1ccc2occ(C(=O)Nc3ccc(C)cc3)c(=O)c2c1,0.0
61,O=C(c1ccccc1OCc1ccccc1)n1nc(OCCN2CCCC2)c2ccccc21,0.0
62,CCCCCn1nc(OCc2ccc(OC)cc2)c2cc([N+](=O)[O-])ccc21,0.0
63,COc1cccc(CN(C)CCCCOc2ccc3c4c(c(=O)oc3c2)CCCC4)c1,0.0
64,COc1cccc2cc[n+](-c3ccc(C#N)cc3)cc12,0.0
65,Cc1cccc(C=NNC(=O)N2CCN(c3ccccn3)CC2)c1,0.0
66,NC(=O)c1cc[n+](COC[n+]2ccccc2C=NO)cc1,0.0
67,CCN(CC)CC(=O)Nc1ccc(C(=O)c2ccc(CN(C)Cc3ccccc3)cc2)cc1,1.0
68,CN(C)Cc1ccc(CSCCNc2cc(NCc3cccnc3)c([N+](=O)[O-])cc2[N+](=O)[O-])o1,1.0
69,CN(CCOc1ccc2c(c1)oc(=O)c1ccccc12)Cc1ccccc1,0.0
70,CCCCN1CCC(CCC(=O)c2ccc3[nH]ccc3c2)CC1,1.0
71,COc1ccc(C=CC(=O)NCCC2CCN(Cc3ccccc3)CC2)c(OC)c1,1.0
72,COc1ccc(C(=O)CCc2cccc([N+](C)(C)Cc3ccccc3)c2)cc1OC,0.0
73,NC(=NO)c1nc(CCCCCN=c2c3c([nH]c4ccccc24)CCCC3)ccc1O,1.0
74,CNC(=O)Oc1cccc(CN(C)CCCOc2ccccc2)c1,1.0
75,CCOc1ccc(Cc2nc3cc(C(=O)N(CC)CC)ccc3n2CCCCCCN=c2c3c([nH]c4ccccc24)CCCC3)cc1,1.0
76,CN(Cc1ccccc1)Cc1ccc(C=C2Cc3ccc(OCCCCCN4CCCCC4)cc3C2=O)cc1,1.0
77,CCCCCCCNC(=O)Oc1ccc2c(c1)C1(C)CCN(CC)C1C2,1.0
78,CCOC(=O)c1c(C)nc(N2CCN(S(=O)(=O)c3ccc(N)c(Cl)c3)CC2)nc1-c1ccc(OC)c(OC)c1,1.0
79,C=CC[N+](C)(C)c1ccccc1OC,1.0
80,CC(OC[n+]1ccn(C)c1C=NO)C1CCCCC1,0.0
81,O=C(CCCCc1cccs1)NCCCN=c1c2c([nH]c3cc(Cl)ccc13)CCCC2,1.0
82,c1ccc(CN2CCC(CCc3nccc4ccccc34)CC2)cc1,1.0
83,COc1ccc2c(c1)CCC(CC1C=CN(Cc3cccc(C)c3)C=C1C(C)=O)C2=O,0.0
84,CCOC(=O)C1C(C)=Nc2[nH]c3c(c(=N)c2C1c1ccc([N+](=O)[O-])cc1)CCCC3,1.0
85,COc1ccc(Cn2cc(C(=O)NCCCCCCN=c3c4c([nH]c5ccc(OC)cc35)CCCC4)c(=O)c3ccccc32)cc1,0.0
86,O=C1c2ccccc2SCC12C(c1ccccc1)C1CSCN1C21C(=O)c2ccccc2C1=O,0.0
87,CCCCCCCCCC(C)C1OCc2c[n+](C)c(C)c(OC(=O)N(C)C)c2CO1,1.0
88,CCN(CC)CCCOc1ccc2c(c1)CC(=Cc1ccc(CN(C)Cc3ccccc3)cc1)C2=O,0.0
89,CNC(=O)c1c[n+](Cc2ccccc2)ccc1CC1Cc2cc(OC)c(OC)cc2C1=O,0.0
90,N=c1c2c([nH]c3cc(Cl)ccc13)CCCC2,1.0
91,CNC(=O)c1c[n+](Cc2ccccc2C)ccc1CC1Cc2cc(OC)c(OC)cc2C1=O,0.0
92,c1ccc(=Nc2nc3ccccc3[nH]2)[nH]c1,0.0
93,N#Cc1ccc(C(=O)n2cc(C=C3CN(Cc4ccccc4)CCC3=O)c3ccccc32)cc1,0.0
94,COc1ccc2c3c1OC1CC(O)C=CC31CCN(C)C2,0.0
95,CC(C)c1ccc(NC(=O)Oc2ccc3c(c2)C2(C)CCNC2N3C)cc1,1.0
96,O=C(Cc1ccc(Cl)cc1)n1nc(OCCCN2CCCCC2)c2ccccc21,0.0
97,CN(Cc1ccccc1)Cc1ccc(C=C2Cc3ccccc3C2=O)cc1,0.0
98,COc1ccc2cc3[n+](cc2c1OCc1ccc(C(C)C)cc1)CCc1cc2c(cc1-3)OCO2,0.0
99,CCN(CC)CCCOc1ccc(C(=O)c2ccc(CN(C)Cc3ccccc3)cc2)cc1,1.0
100,O=c1oc2cc(OCCN3CCC(Cc4ccccc4)CC3)ccc2c2c1CCCC2,0.0
101,COc1cc(NC(=S)NCCN2CCOCC2)ccc1Cl,0.0
102,CNC(=O)Oc1cccc(CN(C)CCCCCCCOc2ccc3c(c2)OC(=Cc2c4ccccc4cc4ccccc24)C3=O)c1,1.0
103,CCOC(=O)C1C(C)=Nc2[nH]c3c(c(=N)c2C1c1ccc(OC)c(OC)c1)CCCC3,1.0
104,COc1ccc2cc(-c3ccc(CN(C)Cc4ccccc4)cc3)c(=O)oc2c1,1.0
105,FC(F)(F)c1ccc(C=NC2CCN(Cc3ccccc3)CC2)cc1,1.0
106,C#CCCCC[n+]1ccc(C=NO)cc1,0.0
107,N=c1c2c([nH]c3ccccc13)C1CCC2C1,1.0
108,CC(C)c1ccc(NC(=O)OCC2CCCN(C3Cc4ccccc4C3)C2)cc1,0.0
109,COc1ccc2[nH]c3c(c(=NCCNC(=O)C(N)Cc4c[nH]c5ccccc45)c2c1)CCCC3,0.0
110,Cn1cc(C(=O)NCCC2CCN(Cc3ccccc3)CC2)c2ccccc21,0.0
111,CCOC(=O)CCC(NC(=O)OCc1ccccc1)C(=O)OCC,0.0
112,NC(Cc1c[nH]c2ccccc12)C(=O)NCCCCN=c1c2c([nH]c3cc(Cl)ccc13)CCCC2,1.0
113,CN(C)C(C=NO)=NC1CC1,0.0
114,CCN(CC)c1cc(C=C2OC(=O)c3cc(OC)c(OC)cc32)ccc1O,1.0
115,COc1ccc(C(F)(F)F)c[n+]1CCCCOc1ccc2c(C)cc(=O)oc2c1,1.0
116,COc1ccc2[nH]c3c(c(=NCCN=C4C(=O)c5ccccc5C(=O)C4Cl)c2c1)CCCC3,0.0
117,N=c1c2c([nH]c3ccc(N)cc13)-c1ccccc1C2,0.0
118,C=Cc1oc2ccccc2c(=O)c1CN(C=CC(C)=O)Cc1ccccc1,0.0
119,CN(C)Cc1ccc(CSCCNc2cc(Nc3ccccc3C#N)c([N+](=O)[O-])cc2[N+](=O)[O-])o1,1.0
120,CCCNC(=O)Oc1ccc2c(c1)C1(C)CCN(CC)C1C2,1.0
121,COc1cc2cc(C3=CC[N+](C)(Cc4ccccc4)CC3)sc2cc1OC,0.0
122,O=C(C=NO)Nc1ccc[n+](CC[n+]2cccc(NC(=O)C=NO)c2)c1,0.0
123,CC1=CC2Cc3[nH]c4cc(Cl)ccc4c(=NCCCCCCCCCCN=c4c5c([nH]c6cc(Cl)ccc46)CC4C=C(C)CC5C4)c3C(C1)C2,1.0
124,CCN(CCCCCC(=O)Nc1ccc(-c2ccc(NC(=O)CCCCCN(CC)Cc3ccccc3OC)cc2)cc1)Cc1ccccc1OC,1.0
125,O=C(CCC1CCN(Cc2ccc([N+](=O)[O-])cc2)CC1)c1cc2c3c(ccn3C(=O)CC2)c1,1.0
126,CCN1CCN(C2CCN(C(=O)COc3ccc(-c4ccc(OC)cc4)cc3)CC2)CC1,0.0
127,COc1cc2cc(C(=O)C3=CC[N+](C)(Cc4ccccc4)CC3)sc2cc1OC,1.0
128,CC12CCN(Cc3ccccc3)C1N(Cc1ccccc1)c1ccc(OC(=O)Nc3ccccc3)cc12,0.0
129,N=c1c2c([nH]c3ccc(Cl)cc13)CCCC2,1.0
130,CCOc1ccc(-n2c(SCc3nc(-c4ccccc4C)no3)nnc2-c2ccccc2)cc1,0.0
131,COc1ccc(C(=O)CCc2cccc([N+](C)(C)C)c2)cc1OC,0.0
132,O=C1C(=NCCN=c2c3c([nH]c4ccccc24)CCCC3)CC(=O)c2c(O)cccc21,1.0
133,CCN(C)C(=O)Oc1cccc(C(C)N(C)C)c1,0.0
134,c1ccc2c(c1)CN1CCCCCCC1=N2,0.0
135,CNC(=O)Oc1ccc2c(c1)C1(C)CCNC1N2,1.0
136,COc1cc2c(cc1OC)C(=O)C(CC1C=CN(Cc3ccccc3C)C=C1C(C)=O)C2,1.0
137,COc1cc(C#N)cc[n+]1C,0.0
138,CN(CCCCCCCCOc1ccc2c(=O)c3ccccc3oc2c1)Cc1ccccc1,0.0
139,COc1ccccc1CN(C)CCCCCCCOc1ccc2c(=O)c3ccccc3oc2c1,0.0
140,CNC(=O)Oc1cccc(CN(C)CCCOc2ccc3c(c2)OC(=Cc2ccc4ccccc4c2)C3=O)c1,1.0
141,O=C(CCC1CCN(Cc2cccc(Cl)c2)CC1)c1cc2c3c(ccn3C(=O)CC2)c1,1.0
142,COC(=O)c1cc2c(=N)c3c([nH]c2nc1C)CCC3,0.0
143,COc1cc(C=CC(=O)Nc2cccc(CN(C)Cc3ccccc3)c2)ccc1O,0.0
144,CC(C)=CCc1c(O)cc(O)c2c1OC(c1ccccc1)CC2=O,1.0
145,CN1CCc2oc3ccc(Br)cc3c(=O)c2C1,0.0
146,COc1cc2c(cc1OC)C(=O)C(CCCc1cc[n+](Cc3cccc(Cl)c3)cc1C(N)=O)C2,0.0
147,Cc1cccc(C(=O)N2Cc3cc(NC(=O)c4ccccc4)ccc3CC2=O)c1,1.0
148,Cc1ccc(CN2CCC(N=c3[nH]c(-c4ccc(C)cc4)c(-c4ccc(C)cc4)s3)CC2)cc1,0.0
149,COc1ccccc1CNCCCCCCNCCCCCCNCCCCCCNCc1ccccc1OC,0.0
150,CN(C)CCOc1ccc(C=C2COc3ccccc3C2=O)cc1,1.0
151,COc1ccc(C(=O)c2ccc(C=CCN(C)Cc3ccccc3)cc2)cc1OC,0.0
152,CCCCN=c1[nH]c2ccccc2[nH]1,0.0
153,CCN(CCCCCCN1CCN(CCCCCCN(CC)Cc2ccccc2OC)C1=O)Cc1ccccc1OC,1.0
154,CCNC(=O)Oc1ccc2c(c1)C1(C)CCOC1N2C,1.0
155,CC(C)N=c1[nH]c(=NCc2ccccc2)c2ccccc2[nH]1,0.0
156,CCN(CC)CCOC(=O)C=Cc1ccc2oc(C(=O)Nc3ccc(Cl)cc3)cc(=O)c2c1,1.0
157,CNC(=O)Oc1cccc(CN(C)CCCCCCCOc2ccc3c(c2)OC(=Cc2cc(Cl)cc(Cl)c2)C3=O)c1,1.0
158,Clc1ccc2c(=NCCCNCCCCCCOc3cccc4[nH]c5ccccc5c34)c3c([nH]c2c1)CCCC3,1.0
159,COc1ccc2[nH]cc(CCCN3CCN(C(=O)CN4CCN(C(=O)c5ccc(F)cc5)CC4)CC3)c2c1,0.0
160,CCN(CCCCCC(=O)N1CCC(CCCC2CCN(C(=O)CCCCCN(CC)Cc3ccccc3OC)CC2)CC1)Cc1ccccc1OC,1.0
161,COc1cc2c(cc1OC)C(Cc1ccc(OCCCCCCN3CCOCC3)cc1)NCC2,0.0
162,COc1cc(C=Cc2cc(N3CCN(CCO)CC3)c3ccccc3[n+]2C)cc(OC)c1O,0.0
163,COc1cccc2c1C=[N+](c1cccc(I)c1)CC2,0.0
164,CCCCC1=NC2(CCCC2)C(=O)N1Cc1cc(OC)c(OC)cc1Br,1.0
165,COc1ccccc1C(=O)Nc1ccc2c(c1)CN(C(=O)c1ccccc1)C(=O)C2,1.0
166,CN(C)c1ccc(C(=O)NCCCCCCCCN=c2c3c([nH]c4ccccc24)CCCC3)cc1,1.0
167,CCN1CCC2c3cc(OC(=O)NC)ccc3CC21,1.0
168,COc1cccc2cc[n+](-c3ccccc3C)cc12,0.0
169,C#CCN(Cc1ccc2cccc(O)c2n1)C(C#N)C1CCN(Cc2ccccc2)CC1,0.0
170,COc1ccc2c(ccc[n+]2C)c1,0.0
171,CN(C)Cc1ccc(CSCc2ccccc2CSCc2ccc(CN(C)C)o2)o1,0.0
172,CC1=CC2Cc3[nH]c4cc(Cl)ccc4c(=NCCCCCCCCCCN=c4c5c([nH]c6ccccc46)CCCC5)c3C(C1)C2,1.0
173,COc1ccc2c(c[n+](C)c3c4cc5c(cc4ccc23)OCO5)c1OC,0.0
174,CN(C)c1ccc(C(=O)NCCCCCCCCCN=c2c3c([nH]c4ccccc24)CCCC3)cc1,1.0
175,CC1=CC2Cc3[nH]c4cc(Cl)ccc4c(=NCCCCCCCN=c4c5c([nH]c6ccccc46)CCCC5)c3C(C1)C2,1.0
176,OCc1cc[n+](CC=CC[n+]2ccc(CO)cc2)cc1,0.0
177,CCCCCCCNC(=O)Oc1cccc(Cn2cc(COc3ccc4ccc(=O)oc4c3)nn2)c1,0.0
178,CN(C)c1ccc(CC(=O)NCCCCCCCCCCNC23CC4CC(CC(C4)C2)C3)cc1,0.0
179,FC(F)(F)Oc1ccc(CNC2CCN(Cc3ccccc3)C2)cc1,1.0
180,CC(C)c1ccc(NC(=O)Oc2ccc3c(c2)C2(C)CCN(C)C2N3C)cc1,1.0
181,CCN(CCCCC=Nc1cc(O)c(NCCCCCN(CC)Cc2ccccc2OC)cc1O)Cc1ccccc1OC,1.0
182,COc1cc2c(cc1OC)CC(CC1CCN(CCN=c3c4c([nH]c5cc(Cl)ccc35)CCCC4)CC1)C2,1.0
183,COc1cc2c(cc1OCc1ccccc1)CCC(C)(CC(=O)NCCCCCCN=c1c3c([nH]c4cc(Cl)ccc14)CCCC3)O2,1.0
184,Cc1[nH]c(C)c(C=C2CN(Cc3ccccc3)CCC2=O)c1C=O,0.0
185,C#CCNC1CCc2cc(Cl)c(OC(=O)N(C)CC)cc21,0.0
186,FC(F)(F)c1ccc(CN2CCN(c3nc(=NCc4ccccc4)cc[nH]3)CC2)cc1,0.0
187,COc1cccc2c1C=[N+](c1ccc(Br)cc1)CC2,1.0
188,CCOC(=O)C1C(C)=Nc2[nH]c3c(c(=N)c2C1c1ccc(-c2ccccc2)cc1)CCCC3,1.0
189,COc1cccc(CN=c2c3c([nH]c4ccccc24)CCCC3)c1,0.0
190,CC=C1C2C=C(C)CC1(N=Cc1ccc(O)c(OC)c1)c1ccc(=O)[nH]c1C2,1.0
191,COc1cc2[nH]cnc(=NCc3cn(CC4CCN(Cc5ccccc5)CC4)nn3)c2cc1OC,0.0
192,COc1ccc(CN(C)Cc2ccc(-c3cc4cc(OC)c(OC)cc4oc3=O)cc2)cc1,0.0
193,COc1ccc2[nH]c(=NCCc3cc[n+](Cc4c(F)cccc4F)cc3)sc2c1,1.0
194,O=C(NCCCCCCCN=c1c2c([nH]c3ccccc13)CCC2)c1cc2ccccc2o1,1.0
195,CCOC(=O)c1ccc2nc(-c3ccc(Cl)cc3)c3c(c2c1)N(Cc1ccccc1)C(=O)CC3,0.0
196,CC1CCCCN1c1nc2ccccc2[nH]1,0.0
197,CNC(=O)Oc1cccc(CN(C)CCCCCCCOc2ccc3c(c2)OC(=Cc2ccc(Cl)c(Cl)c2)C3=O)c1,1.0
198,C#CCNC1CCc2ccc(OC(=O)N(C)CCCC)cc21,0.0
199,COc1cc2c(cc1OC)C(Cc1ccc(OCCCCCCN3CCC(O)(Cc4ccccc4)CC3)cc1)NCC2,0.0
200,CCN(CC)c1ccc(C=Cc2ccc3ccccc3[n+]2C)cc1,1.0
201,COc1ccc2[nH]cc(CCNC(=O)CN(CCCCCCCN=c3c4c([nH]c5ccc(OC)cc35)CCCC4)C(=O)CCCCC3CCSS3)c2c1,0.0
202,COc1ccc(-c2[nH]c(=NCC3CCN(Cc4ccccc4C(F)(F)F)CC3)sc2-c2ccc(OC)cc2)cc1,1.0
203,C=C(C)C[N+](C)(C)c1ccccc1O,0.0
204,COc1cccc2c1C=[N+](c1ccccc1I)CC2,0.0
205,COc1ccc2c3c1OC1CC(O)C=CC31CCN(CCCN1CCCCC1)C2,1.0
206,COc1ccc2c(c1)CCC(CC1C=CN(Cc3ccc(C)cc3)C=C1C(C)=O)C2=O,0.0
207,CN(C)c1ccc(C=Cc2ccc3ccccc3[n+]2C)cc1,1.0
208,O=C(NP(=O)(Cl)Cl)c1ccccc1,0.0
209,CC(=O)Oc1cccc([N+](C)(C)Cc2ccccc2)c1,0.0
210,COc1cc2c(cc1O)CCC(C)(CCC(=O)NCCCCCCCCN=c1c3c([nH]c4cc(Cl)ccc14)CCCC3)O2,1.0
211,O=C(c1ccccc1Cl)n1nc(OCCCN2CCCCC2)c2ccccc21,0.0
212,COc1ccc(C(=O)c2ccc(CN(CCO)Cc3ccccc3)cc2)cc1OC,0.0
213,COc1cc2c(cc1OC)C(=O)C(CC1CCN(Cc3ccc(Cl)cc3)CC1)C2,0.0
214,COc1cc2c(cc1OC)C(=O)C1(C2)C(c2ccc(F)cc2)C(c2ccccc2)NC12C(=O)Nc1ccc([N+](=O)[O-])cc12,0.0
215,Cc1c(C(=O)N(C)C)c[n+](C)c2cccc(OC(=O)N(C)C)c12,0.0
216,COc1cc(N)c(Cl)cc1C(=O)CCC1CCN(CC2CCCCCC2)CC1,1.0
217,O=C(c1c(F)ccc(F)c1F)n1nc(OCCN2CCCCC2)c2ccccc21,0.0
218,Cn1cc[n+](COCc2ccccc2)c1C=NO,0.0
219,COc1cccc2cc[n+](-c3ccccc3)cc12,0.0
220,CCN(CCCCOc1ccc(-c2coc3cc(OCCCCN(CC)Cc4ccccc4)cc(O)c3c2=O)cc1)Cc1ccccc1,0.0
221,CN(C)Cc1ccc(CSCCN=CNCCSCc2ccc(CN(C)C)o2)o1,0.0
222,c1ccc2c(c1)ccc[n+]2CCCCCCCCC[n+]1cccc2ccccc21,1.0
223,COc1cc2c(cc1OC)C(Cc1ccc(OCCCCCCN3CCN(Cc4ccccc4)CC3)cc1)NCC2,0.0
224,O=C(C=Cc1ccc([N+](=O)[O-])cc1)NCCC1CCN(Cc2ccccc2)CC1,1.0
225,COc1cc(NCc2ccc(Oc3c(N)cccc3Cl)cc2)cc(OC)c1OC,0.0
226,CC1=CC2Cc3[nH]c4cc(Cl)ccc4c(=NCCCCCCCN=c4c5c([nH]c6cc(Cl)ccc46)CCCC5)c3C(C1)C2,1.0
227,COc1cc(C(C)N(C)C)c2c(c1)oc(=O)c1ccccc12,0.0
228,c1cc[n+](CCCCCCCCCC[n+]2ccccc2)cc1,1.0
229,CCC1C2OC(=O)C(C)(O)C2C23CCC(C4CC(C)C(=O)O4)N2CCCCC13,0.0
230,CCCCCCNC(=O)Oc1ccc2c(c1)C1CCN(CC)C1C2,1.0
231,COc1cc2c(cc1OC)C(=O)C(CC1CCN(Cc3cccc(F)n3)CC1)C2,1.0
232,N#Cc1cc(C#N)c(=NC2CCN(Cc3ccccc3)CC2)[nH]c1Cl,0.0
233,c1cc(-c2cc3c(cn2)[nH]c2ncc(-c4ccc(CN5CCCCC5)cc4)cc23)ccn1,1.0
234,c1ccc(CN2CCC(CCN=c3cc4c(n[nH]3)-c3ccccc3CCC4)CC2)cc1,1.0
235,NS(=O)(=O)c1ccc(NC(=S)NCCN2CCCCC2)cc1,0.0
236,NC(=O)N=c1[nH]c(=NCc2ccccc2)c2ccccc2[nH]1,0.0
237,O=S(=O)(N=c1[nH]ccs1)c1ccc(NCc2cc(Cl)cc(C=NO)c2O)cc1,0.0
238,C#CCNC1CCc2cccc(OC(=O)N(C)CCC)c21,0.0
239,O=C(CNCc1ccccc1F)Nc1ccc2nc3n(c(=O)c2c1)CCC3,1.0
240,Oc1cccc2nc3c(O)cccc3nc12,0.0
241,CCCSc1nc2[nH]c3c(c(=N)c2s1)C1CC(CC)=CC(C3)C1,0.0
242,C#CCN(CCCN1C(=O)c2ccccc2C1=O)Cc1ccccc1,0.0
243,O=C(C=NO)Nc1ccc[n+](Cc2cccc(C[n+]3cccc(NC(=O)C=NO)c3)c2)c1,0.0
244,COc1cccc2cc[n+](-c3cccc(C)c3)cc12,0.0
245,O=C1c2ccccc2C(=O)N1CCCCCCCNCc1ccccc1,1.0
246,COc1cc(CCC(=O)N=CC(=O)Nc2ccccc2Cl)ccc1O,0.0
247,c1cc[n+](CCCCCCCC[n+]2ccccc2)cc1,0.0
248,CNC(=O)Oc1cccc(CN(C)CCCCCCCOc2ccc3c(c2)CC(=Cc2cc(OC)c(OC)c(OC)c2)C3=O)c1,1.0
249,CC(C)c1ccc(NC(=O)Oc2ccc3c(c2)C2(C)CCOC2N3C)cc1,0.0
250,Fc1ccc(-c2nnc(N3CCN(c4ccccn4)CC3)o2)cc1,1.0
251,N#Cc1cc(C#N)c(=N)[nH]c1NCCCC1CCN(Cc2ccccc2)CC1,1.0
252,CCCCCN=C(C=NO)N(C)C,0.0
253,COc1cc2c(cc1O)CCC(C)(CCNCCCCCCCCN=c1c3c([nH]c4cc(Cl)ccc14)CCCC3)O2,1.0
254,NCCCCCCNCCSSCCNCCCCCCN,0.0
255,ON=Cc1cccc[n+]1COCCOC[n+]1ccccc1C=NO,0.0
256,CC(C)(C)c1cccc(C(=O)CF)c1,1.0
257,CCCCCCCCCCCCCCN=c1c2c([nH]c3ccc(OC)cc13)CCCC2,0.0
258,COc1cc2c(cc1OC)C(=O)C(=Cc1cc[n+](Cc3ccc(F)cc3)cc1)C2,1.0
259,CC(C)c1ccc(NC(=O)Oc2ccc3c(c2)C2(C)CC[N+](C)(CCc4ccccc4)C2N3C)cc1,1.0
260,CCN(CCC=Nc1cc(O)c(NCCCN(CC)Cc2ccccc2OC)cc1O)Cc1ccccc1OC,1.0
261,CC1(c2nccc3cc4c(cc23)OCO4)OC(O)c2c1ccc1c2OCO1,0.0
262,CCN(Cc1ccccc1)Cc1ccc(-c2cc3ccc(OCCNC(=O)Cc4cc(F)cc(F)c4)cc3oc2=O)cc1,1.0
263,COc1ccc(C(=O)CCC2C=CN(Cc3cccc(Cl)c3)C=C2C(N)=O)cc1OC,0.0
264,O=c1c2cc(Cl)ccc2oc2ccc(OCCCCCN3CCCCCC3)cc12,1.0
265,CC(C)(C)c1cc[n+](CCCCC[n+]2ccc(C(C)(C)C)cc2)cc1,0.0
266,COc1ccc(-c2[nH]c(=NC3CCN(Cc4ccc(C)cc4)CC3)sc2-c2ccc(OC)cc2)cc1,1.0
267,C[n+]1c(C=Cc2cc3ccccc3[nH]2)cc(N2CCN(CCO)CC2)c2ccccc21,0.0
268,CC(c1cccc(OC(=O)N(C)C(C)Cc2ccccc2)c1)N(C)C,1.0
269,c1ccc2c(=NCCCCCCCCN3CCOCC3)c3c([nH]c2c1)CCCC3,1.0
270,COC(=O)c1ccc(C[n+]2ccc(CCC(=O)C3Cc4cc(OC)c(OC)cc4S3)cc2)cc1,1.0
271,O=C(CCC1CCN(Cc2ccccc2)CC1)c1ccc2c(c1)CNCCC2,1.0
272,COc1ccc(-c2[nH]c(=NCC3CCN(Cc4ccccc4C)CC3)sc2-c2ccc(OC)cc2)cc1,1.0
273,C[n+]1c2ccccc2c(N)c2ccccc21,0.0
274,C#CCN1CCC(OC(=O)Nc2ccccc2)CC1,0.0
275,C#CCCCC[n+]1ccccc1C=NO,0.0
276,CC1=CC2Cc3[nH]c4cc(Cl)ccc4c(=NCCCCCCCCCN=c4c5c([nH]c6ccccc46)CCCC5)c3C(C1)C2,1.0
277,CN(C)C(=O)Oc1ccc(C(O)CNC2CCCCC2)cc1,1.0
278,c1ccc2c(c1)Nc1ccccc1S2,0.0
279,C#CCN1CCCC(COC(=O)Nc2ccc(C(C)C)cc2)C1,0.0
280,O=C(CN1CCN(C(=O)c2ccccc2F)CC1)N1CCN(CCCc2c[nH]c3ccccc23)CC1,0.0
281,CNC(=O)Oc1cccc(CN(C)CCCOc2ccc3c(c2)OC(=Cc2cc(OC)c(OC)c(OC)c2)C3=O)c1,1.0
282,Cc1ccccc1NC(=O)Oc1ccc2c(c1)C1(C)CCOC1N2C,1.0
283,C#CCN(C)C(C)Cc1cccc(OC(=O)N(C)CC)c1,0.0
284,CCCCN=c1c2c([nH]c3ccc(OC)cc13)CCCC2,0.0
285,CNC(=O)Oc1cccc(CN(C)CCCCCCCOc2ccc3c(c2)OC(=Cc2cccc4ccccc24)C3=O)c1,1.0
286,CCC1=CC2Cc3[nH]c4cc(Cl)ccc4c(=N)c3C(C1)C2,1.0
287,O=C1c2ccccc2C(=O)N1CCCCCCCCNCc1cccc(Cl)c1,1.0
288,COc1cc2c(cc1OC)C(c1ccccc1)N(CC1CCN(Cc3cccc(C=NO)c3O)CC1)CC2,0.0
289,COc1cc2[nH]c(=O)c(C(=O)NCC3CCN(Cc4ccccc4)CC3)c(O)c2cc1OC,1.0
290,CNC(=O)Oc1cccc(CN(C)CCCCCCCOc2ccc3c(c2)OC(=Cc2cc(Cl)cc(Cl)c2)C3=O)c1,1.0
291,COc1ccccc1CNCCCCCCNCCCCCCCCNCCCCCCNCc1ccccc1OC,0.0
292,O=C(CN1CCN(C(=O)c2ccc(Cl)cc2)CC1)N1CCN(CCCc2c[nH]c3ccccc23)CC1,0.0
293,COc1ccc2cc3[n+](cc2c1OCc1ccc(Cl)cc1)CCc1cc2c(cc1-3)OCO2,0.0
294,Cc1cc(=O)oc2cc(OCc3cc[n+](Cc4ccc([N+](=O)[O-])cc4)cc3)ccc12,0.0
295,CC1=CC2Cc3[nH]c4cc(Cl)ccc4c(=NCCCCCCCN=c4c5c([nH]c6ccccc46)CCCC5)c3C(C1)C2,1.0
296,COc1ccc2cc3[n+](cc2c1OCc1cccc(C)c1)CCc1cc2c(cc1-3)OCO2,0.0
297,O=C(CCC1CCN(Cc2ccccc2)CC1)c1ccc2c(c1)NCCC2,1.0
298,CN(C)C(=O)Oc1ccc2c(c1)C(N(C)C)CC2,0.0
299,COc1ccc2[nH]cc(CCNC(=O)CN(CCCCCCN=c3c4c([nH]c5ccc(OC)cc35)CCCC4)C(=O)C=Cc3ccc(O)c(OC)c3)c2c1,0.0
300,CCNC(=O)Oc1ccc2c(c1)C1(C)COC(O2)O1,1.0
301,C=Cc1oc2ccc(Br)cc2c(=O)c1CN(Cc1ccccc1)C(=CC(=O)OC)C(=O)OC,0.0
302,Cc1ccc(NC(=O)c2cc(=O)c3cc(C=CC(=O)OCCN(C)C)ccc3o2)cc1C,1.0
303,O=C(CCC1CCN(Cc2ccccc2)CC1)c1cc2c3c(c1)CCC(=O)N3CCC2,1.0
304,CN(Cc1ccccc1)Cc1ccc(C=C2CCc3cc(OCCCCCN4CCCCC4)ccc3C2=O)cc1,1.0
305,COc1cccc(C=NNC(=O)N2CCN(c3ccccn3)CC2)c1OC,0.0
306,Cc1ccc(CN2CCC(N=c3[nH]c(-c4ccc(Cl)cc4)c(-c4ccc(Cl)cc4)s3)CC2)cc1,0.0
307,COc1cc2oc(-c3ccc(NCCCCN=c4c5c([nH]c6cc(Cl)ccc46)CCCC5)cc3)cc(=O)c2c(OC)c1OC,1.0
308,c1ccc2c[n+](CCCCC[n+]3ccc4ccccc4c3)ccc2c1,0.0
309,N=c1c2c([nH]c3cc(Cl)ccc13)C1CCC2C1,1.0
310,CCN(CCCCCC=Nc1cc(O)c(NCCCCCCN(CC)C(C)c2ccccc2OC)cc1O)C(C)c1ccccc1OC,1.0
311,c1ccc2c[n+](CCCCCCCCCC[n+]3ccc4ccccc4c3)ccc2c1,1.0
312,COc1ccc(NC(=S)NCCN2CCCCC2)cc1,0.0
313,COc1ccc2[nH]cc(CCNC(=O)CC3CCN(Cc4cccc(C)c4)CC3)c2c1,0.0
314,CCNC(=O)Oc1cccc2c1CCC1CCN(C)C21,1.0
315,CCCSc1nc2[nH]c3c(c(=N)c2s1)C1CC(C)=CC(C3)C1,0.0
316,O=c1c2c3c(sc2nc2n1CCCN2)CN(Cc1ccccc1)CC3,0.0
317,Cc1ccc(-c2[nH]c(=NC3CCN(Cc4ccccc4)CC3)sc2-c2ccc(C)cc2)cc1,0.0
318,COc1ccc2[nH]cc(CCNC(=O)C=Cc3cc[n+](Cc4ccccc4F)cc3)c2c1,1.0
319,COc1ccc2oc(C(=O)OCC3CCN(Cc4ccccc4)CC3)cc(=O)c2c1,0.0
320,Brc1ccc(CN2CCN(c3nc(=NCc4ccccc4)cc[nH]3)CC2)cc1,0.0
321,Fc1ccc2c(C3CCN(CCN4CCCC4)CC3)noc2c1,0.0
322,COc1cc(C(=O)NCCCC(=O)NN=c2c3c([nH]c4ccccc24)CCCC3)cc(OC)c1OC,1.0
323,Cc1cc(-c2c3ccccc3[n+](C)c3ccccc23)cc(C)c1C,0.0
324,O=c1c(-c2ccc(OCCCCN3CCc4ccccc4C3)cc2)coc2cc(OCCCCN3CCc4ccccc4C3)cc(O)c12,0.0
325,CC(c1cccc(OC(=O)N(C)C(C)Cc2ccccc2)c1)N(C)C,1.0
326,CCN(C)C(=O)OC1CCN(C2Cc3ccccc3C2)CC1,0.0
327,O=C(CCCCN1CCC2c3ccccc3NC2C1)Nc1ccc(C=C2CCn3c2nc2ccccc2c3=O)cc1,1.0
328,O=C(NCCCCCCCN=c1c2c([nH]c3ccccc13)CCCCC2)c1cc2ccccc2o1,1.0
329,CCN(CCCCCC=Nc1cc(O)c(NCCCCCCN(CC)Cc2ccccc2)cc1O)Cc1ccccc1,1.0
330,COc1cccc2cc[n+](-c3ccccc3I)cc12,0.0
331,COc1cc(N)c(Cl)cc1C(=O)C(C)CC1CCN(CC2CCCCC2)CC1,1.0
332,Clc1cccc(CN=c2cc[nH]c(=NC3CCN(Cc4ccccc4)CC3)[nH]2)c1,0.0
333,O=C(Cc1c[nH]c2ccc(Br)cc12)NCCCCCCCN=c1c2c([nH]c3cc(Cl)ccc13)CCCC2,1.0
334,COc1cccc2c1C=[N+](c1cccc(Cl)c1)CC2,0.0
335,c1ccc2c(CN=c3cc[nH]c(N4CCCC4)n3)cccc2c1,0.0
336,c1ccc2oc(CN(CCCCCCCN=c3c4c([nH]c5ccccc35)CCCCC4)Cc3cc4ccccc4o3)cc2c1,1.0
337,CC[N+](C)(CCCCCC(=O)N(C)CCCCCCCCN(C)C(=O)CCCCC[N+](C)(CC)Cc1ccccc1OC)Cc1ccccc1OC,1.0
338,CCN(Cc1ccccc1)C(=O)C=Cc1ccc(OC(=O)N(c2ccccc2)c2ccccc2)c(OC)c1,0.0
339,Cc1cc(=O)oc2cc(OCc3cc[n+](Cc4ccccc4)cc3)ccc12,1.0
340,COc1cc2c(cc1OC)C(=O)C(CC1C=CN(Cc3cccc(Cl)c3)C=C1C(N)=O)C2,0.0
341,COc1c(O)cc(C2Oc3cc(O)c(CC=C(C)CCC=C(C)C)c(O)c3C(=O)C2O)cc1O,0.0
342,COc1ccccc1CN(C)Cc1ccc(-c2cc3cc(OC)c(OC)cc3oc2=O)cc1,1.0
343,c1ccc2c[n+](CCCCCCCCCCC[n+]3ccc4ccccc4c3)ccc2c1,1.0
344,CC(C)N=c1[nH]c(=NCCc2ccccc2)c2ccccc2[nH]1,0.0
345,CC(c1ccc2c(c1O)OCO2)c1nccc2cc3c(cc12)OCO3,0.0
346,Oc1ccc(C=NC2CCN(Cc3ccccc3)C2)c(O)c1,0.0
347,COc1cc2c(cc1OC)C(=O)C(CC1CCN(CCCN=c3c4c([nH]c5cc(Cl)ccc35)CCCC4)CC1)C2,1.0
348,COc1ccc2cc3[n+](cc2c1OC(C)c1ccccc1)CCc1cc2c(cc1-3)OCO2,1.0
349,COC(=O)c1c[n+](Cc2ccccc2C)ccc1CC1Cc2cc(OC)c(OC)cc2C1=O,1.0
350,Cc1c(C)c2c(c(C)c1O)CCC(C)(C(=O)NCCCCCCCCN=c1c3c([nH]c4cc(Cl)ccc14)CCCC3)O2,1.0
351,NS(=O)(=O)c1ccc(-n2cc(COc3ccc(C=NN=c4c5c([nH]c6ccccc46)CCCC5)cc3)nn2)cc1,0.0
352,Clc1cccc2c1CN1CCCCCC1=N2,0.0
353,COc1cc(C=CC(=O)O)ccc1O,0.0
354,C=CC[N+](C)(C)c1ccc(OC)cc1,0.0
355,CN(C)c1ccc(C(=O)NCCCCCN=c2c3c([nH]c4ccccc24)CCCC3)cc1,1.0
356,CSC(Cn1nnc2cc(C#Cc3ccc(-n4ccnc4CO)cc3)ccc21)N(O)C=O,0.0
357,CCCNc1cc(NCCSCc2ccc(CN(C)C)o2)c([N+](=O)[O-])cc1[N+](=O)[O-],1.0
358,CSC(Cn1nnc2cc(C#Cc3ccc(N4CC(O)C(O)C4)cc3)ccc21)N(O)C=O,0.0
359,NC(Cc1c[nH]c2ccccc12)C(=O)NCCCCN=c1c2c([nH]c3ccccc13)CCCC2,0.0
360,Cc1ccccc1NC(=O)Oc1ccc2c(c1)C1(C)CCOC1O2,1.0
361,c1ccc(CN2CCC(COc3noc4ccccc34)CC2)cc1,0.0
362,COc1ccc(-c2[nH]c(=NC(=O)C3CCN(Cc4cc(F)cc(F)c4)CC3)sc2-c2ccc(OC)cc2)cc1,0.0
363,CC(C)N(CCSC(=NO)C(=O)c1ccc(Cl)cc1)C(C)C,0.0
364,COc1ccc2[nH]cc(CCNC(=O)C=Cc3cc[n+](Cc4cccc(F)c4)cc3)c2c1,1.0
365,O=C(CCCCCN1CCC2c3ccccc3NC2C1)Nc1ccc(C=C2CCn3c2nc2ccccc2c3=O)cc1,1.0
366,C=C(C)C1CCC(C)(O)C(C2C(=O)C(C(=O)C(C)C)C(=O)C(CC=C(C)C)(CC=C(C)C)C2=O)C1,0.0
367,O=C(CNCc1ccccc1)Nc1ccc2nc3n(c(=O)c2c1)CCC3,1.0
368,COc1ccccc1CN(C)CCCCCC(=O)N(C)CCCCCCCCN(C)C(=O)CCCCCN(C)Cc1ccccc1OC,1.0
369,CCc1ccc(NC(=O)COc2c(Cl)cc(Cl)cc2S(=O)(=O)N2CCN(C(=O)c3ccco3)CC2)cc1,0.0
370,CC1=CC2Cc3[nH]c4cc(Cl)ccc4c(=NCCCCCCCCN=c4c5c([nH]c6ccccc46)CCCC5)c3C(C1)C2,1.0
371,O=C1c2ccccc2C(=O)N1CCCCCCCCNCc1ccccc1,1.0
372,O=[N+]([O-])c1ccc2c(c1)c(OCC1CCCCC1)nn2Cc1ccccc1,0.0
373,Cc1cccc(C[n+]2ccc(C(=O)NCCc3c[nH]c4ccccc34)cc2)c1,0.0
374,COc1ccc(CN=c2[nH]c(CC(N)=O)nc3ccccc23)cc1OC,0.0
375,CN1CCC2(C)c3cc(OC(=O)N4CCc5ccccc5C4)ccc3N(C)C12,1.0
376,c1cc[n+](CCCCCCCC[n+]2ccc3ccccc3c2)cc1,1.0
377,C#CCNCC(=O)Nc1ccc2nc3n(c(=O)c2c1)CCC3,1.0
378,O=C(CCC1CCN(Cc2ccccc2)CC1)c1cc2c3c(c1)CCN3C(=O)CCC2,1.0
379,CCCNC1CCc2ccc(OC(=O)N(C)CC)cc21,0.0
380,Cn1c2ccccc2c(=NCCCCN=c2c3c([nH]c4ccccc24)CCCC3)c2c3ccccc3[nH]c21,1.0
381,N=c1c2c([nH]c3c1CCCO3)CCC2,0.0
382,Cc1c(OC(=O)N(C)C)c2c(c[n+]1C)COC(C)OC2,0.0
383,CC[N+](CC)(CC)CCOc1cc(OCC[N+](CC)(CC)CC)c(C(=O)NCCCCCC(=O)NN=c2c3c([nH]c4ccccc24)CCCC3)cc1OCC[N+](CC)(CC)CC,0.0
384,COc1cc2c(cc1OC)C(=O)C(Cc1cc[n+](Cc3ccccc3)cc1)C2,1.0
385,CC(c1cc(O)c2c(c1)oc(=O)c1ccccc12)N(C)C,0.0
386,CCC1C(CC(C)C(=O)OC)OC23CCC(C4CC(C)C(=O)O4)N2CCCCC13,0.0
387,CC(=O)NCCc1c[nH]c2ccc(OC(=O)NCCCCCCCCCCCCN=c3c4c([nH]c5cc(Cl)ccc35)CCCC4)cc12,1.0
388,CCCCNC(=O)Oc1ccc2c(c1)C1CCN(CC)C1C2,0.0
389,Clc1ccc(CNC2CCN(Cc3ccccc3)C2)cc1,1.0
390,CC(=O)C1=CN(Cc2cccc(Cl)c2)C=CC1CC1Cc2cc(F)ccc2C1=O,0.0
391,O=C1CC(=NCCN=c2c3c([nH]c4cc(Cl)ccc24)CCCC3)C(=O)c2ccccc21,1.0
392,CCCCNC(=O)Oc1cccc(CN(C)CCCOc2ccc3c(=O)c4cccnc4oc3c2)c1,1.0
393,O=C(N=c1cccc(-c2cn(CCN=c3c4c([nH]c5ccccc35)CCCC4)nn2)[nH]1)Nc1cccc2c1C1CCCCN1C2=O,1.0
394,CCOC(=O)C1C(C)=Nc2[nH]c3c(c(=N)c2C1c1ccccc1[N+](=O)[O-])CCCC3,1.0
395,OCC1CCCN(Cc2ccccc2)C1,0.0
396,CCC(C)(C)NCC(O)c1cc(OC(=O)N(C)C)cc(OC(=O)N(C)C)c1,0.0
397,COc1ccccc1CNCCCCCCNC(=O)c1cc(Cl)nc(Cl)c1,0.0
398,O=C(C=Cc1ccc(OCCCCCCN2CCCC2)cc1)c1ccc(OCCCCCCN2CCCC2)cc1O,1.0
399,COc1cc2c(cc1OC)C(=O)C(=Cc1ccc(N3CC[N+](C)(Cc4ccccc4Cl)CC3)cc1)C2,1.0
400,COc1ccccc1C(=O)Nc1ccc2c(c1)CN(C(=O)c1ccccc1OC)C(=O)C2,1.0
401,Oc1cc(C=Nc2c3c(nc4ccccc24)CCCC3)cc(O)c1O,0.0
402,CCN(CCCCCC=Nc1cc(O)c(NCCCCCCN(CC)Cc2ccccc2OC)cc1O)Cc1ccccc1OC,1.0
403,O=C1C(=Cc2ccc[nH]2)CN(Cc2ccccc2)CC1=Cc1ccc[nH]1,0.0
404,COc1cc2c(cc1OC)C(=O)C(Cc1cc[n+](Cc3ccccc3)cc1C#N)C2,1.0
405,Cc1ccccc1CN1CCC(C(=O)N=c2[nH]c(-c3ccc(Cl)cc3)c(-c3ccc(Cl)cc3)s2)CC1,0.0
406,N=c1c2c([nH]c3ccccc13)CCCC2O,1.0
407,COC(=O)C1=C(C)OP(=O)(OC)CCC1COCc1ccccc1,0.0
408,OCCN1CCN(c2nc(=NCc3cccc4ccccc34)cc[nH]2)CC1,0.0
409,Nc1ccc2c(c1)c(OCc1ccc3ccccc3c1)nn2CCN1CCCCC1,0.0
410,COc1cc(C=NO)c(O)c(CN2CCc3cc(OC)c(OC)cc3C2)c1,0.0
411,COc1ccc2[nH]cc(CCCN3CCN(C(=O)CN4CCN(C(=O)c5cccc(Cl)c5)CC4)CC3)c2c1,0.0
412,Cc1ccc2[nH]c(-c3ccc(OCCN(C)C)cc3)nc2c1,0.0
413,COC(=O)c1cc2c(=N)c3c([nH]c2nc1C)CCCC3,1.0
414,COc1cc2[se]n(-c3ccc(CCN4CCCC4)cc3)c(=O)c2cc1OC,0.0
415,O=C(Cc1c[nH]c2ccccc12)NCCCCCCCN=c1c2c([nH]c3cc(Cl)ccc13)CCCC2,1.0
416,CCOC(=O)C1C(C)=Nc2[nH]c3c(c(=N)c2C1c1cccnc1)CCCC3,1.0
417,COc1ccc(CN=c2c3c([nH]c4ccccc24)CCCC3)cc1OC,0.0
418,O=C(Nc1cc2ccccc2oc1=O)c1ccc(Cl)c(Cl)c1,0.0
419,N#Cc1c(Cl)[nH]c(=NCCCC2CCN(Cc3ccccc3)CC2)c(C#N)c1-c1ccccc1,0.0
420,O=C(CC1CCN(Cc2ccccc2)CC1)NCCc1c[nH]c2ccccc12,0.0
421,COc1cc2c(cc1OC)C(c1ccccc1)N(CCCCCCc1ccc(O)c(C=NO)n1)CC2,0.0
422,C#CCN1CCCC(COC(=O)N(C)CC)C1,0.0
423,O=C(CN1CCC2c3ccccc3NC2C1)Oc1ccc(C=C2CCn3c2nc2ccccc2c3=O)cc1,1.0
424,CNC(=O)c1sc(-c2cc[nH]c(=NC(=O)C3CC3)c2)nc1OCC1CCN(Cc2ccc(F)c(F)c2)CC1,0.0
425,CC(c1cccc(OC(=O)N(C)C)c1)N1CCCCC1,1.0
426,COc1cc(C2c3ccc4ccccc4c3Oc3[nH]c4c(c(=N)c32)CCCC4)ccc1O,1.0
427,N=c1c2c([nH]c3cnccc13)CCCC2,0.0
428,c1ccc2c(=NCCCCC[Se]CCCCCN=c3c4c([nH]c5ccccc35)CCCC4)c3c([nH]c2c1)CCCC3,1.0
429,COC(=O)c1ccccc1C[n+]1ccc(CC2Cc3cc(OC)c(OC)cc3C2=O)c(C(=O)Oc2c(Cl)cc(Cl)cc2Cl)c1,1.0
430,COc1cccc2c1C=[N+](c1ccc(Br)cc1Br)CC2,0.0
431,O=C(NCCCCCc1ccccc1)Oc1ccc(Cn2cc(COc3ccc4ccc(=O)oc4c3)nn2)cc1,1.0
432,O=C(CCc1ccc2nc(-c3ccccc3)c3c(c2c1)OCCC3)NCCCCN=c1c2c([nH]c3cc(Cl)ccc13)CCCC2,1.0
433,COc1ccc(-c2ccc(OCC(=O)NCCCN3CCCCC3)cc2)cc1,0.0
434,COc1c(C(=O)CCC2CCN(Cc3ccccc3)CC2)cc(Cl)c2[nH]c([Si](C)(C)C)cc12,1.0
435,COc1cc(N)c(Cl)cc1C(=O)CCC1CCN(CC2CCC2)CC1,1.0
436,O=C(CCC1CCN(Cc2ccccc2F)CC1)c1cc2c3c(ccn3C(=O)CC2)c1,1.0
437,Cc1ccccc1NC(=O)Oc1ccc2c(c1)C1(C)CCN(Cc3ccccc3)C1N2Cc1ccccc1,0.0
438,c1ccc2c(=NCCCCCCCN3CCOCC3)c3c([nH]c2c1)CCCC3,1.0
439,CC(C)c1ccc(NC(=O)Oc2ccc3c(c2)C2(C)CCN(C)C2N3C)cc1,1.0
440,CC=C1C2C=C(C)CC1(N=CC=Cc1ccc(N(C)C)cc1)c1ccc(=O)[nH]c1C2,1.0
441,Cc1ccc(-c2[nH]c(=NCC3CCN(Cc4ccc(F)cc4)CC3)sc2-c2ccc(C)cc2)cc1,1.0
442,CCCCN1CCC(CCC(=O)c2ccc(N)cc2OC)CC1,1.0
443,CN1Cc2cc(O)ccc2N(C)C1c1ccc(F)cc1,0.0
444,O=C(CCN1CCC2c3ccccc3NC2C1)Nc1ccc(C=C2CCn3c2nc2ccccc2c3=O)cc1,1.0
445,C#CC1(OC[n+]2ccn(C)c2C=NO)CCCC1,0.0
446,COc1cc2c(cc1OC)C(=O)C(=Cc1ccc(CN3CCOCC3)c(O)c1)O2,0.0
447,CCCCN1CCC(CCC(=O)c2cc(I)c(N)cc2OC)CC1,1.0
448,COc1cc2c(cc1OC)C(=O)C1(C2)C(c2ccc(F)cc2)CN(C)C12C(=O)Nc1ccc([N+](=O)[O-])cc12,0.0
449,Cc1c(C)c2ccc(OCc3ccc(CN(C)Cc4ccccc4)cc3)cc2oc1=O,1.0
450,CNC(=O)Oc1cccc(CN(C)CCCOc2ccc3c(=O)c4ccccc4oc3c2)c1,1.0
451,CC(C)=CCC1CC2(CC=C(C)C)C(=O)C(C(=O)C(C)C)(C(=O)C3=C2OC(C(C)(C)O)C3)C1(C)CCC(=O)C(C)C,0.0
452,CCN(C)c1ccc(C=C2Cc3cc(OC)c(OCCN4CCCCC4)cc3C2=O)cc1,1.0
453,Cc1ccc(CN2CCC(CC(=O)NCCc3c[nH]c4ccccc34)CC2)cc1,0.0
454,COc1ccc(C=NNC(=O)CN2CCC(Cc3ccccc3)CC2)cc1OC,0.0
455,COc1ccccc1CNCCCCCCNCCCCCNCCCCCCNCc1ccccc1OC,0.0
456,NC(Cc1c[nH]c2ccccc12)C(=O)NCCCCCCCN=c1c2c([nH]c3ccccc13)CCCC2,1.0
457,COc1ccc(-c2[nH]c(=NC(=O)C3CCN(Cc4ccc(F)cc4C(F)(F)F)CC3)sc2-c2ccc(OC)cc2)cc1,0.0
458,CCOC(=O)c1cc2c(=N)c3c([nH]c2nc1C)CCCCC3,0.0
459,O=C1CC(c2ccc(OCCCCN3CCc4ccccc4C3)cc2)Oc2cc(OCCCCN3CCc4ccccc4C3)cc(O)c21,0.0
460,C#CCCOC[n+]1ccn(C(C)(C)C)c1C=NO,0.0
461,COc1ccc2cc3[n+](cc2c1OCc1cc(C)cc(C)c1)CCc1cc2c(cc1-3)OCO2,0.0
462,COc1cc2c(cc1OC)C(=O)C(=Cc1ccc(N3CC[N+](C)(Cc4ccccc4)CC3)cc1)C2,1.0
463,O=C(CCC1CCN(Cc2ccc(O)cc2)CC1)c1cc2c3c(ccn3C(=O)CC2)c1,1.0
464,Clc1ccc2c(=NCc3ccccc3)c3c([nH]c2c1)CCCC3,1.0
465,CNCCc1cccc(OC(=O)N(C)C)c1,1.0
466,COc1ccc(Cn2cc(C(=O)NCCCCCN=c3c4c([nH]c5ccccc35)CCCC4)c(=O)c3ccccc32)cc1,1.0
467,COC(C)(C)C=CCC1(C)C(CC=C(C)C)CC2(CC=C(C)C)C(=O)C3=C(OC(C(C)(C)O)C3)C1(C(=O)C(C)C)C2=O,0.0
468,C[N+](C)(C)Cc1cccc(O)c1,0.0
469,COc1cc2cc(-c3ccc(CN(C)Cc4cccc([N+](=O)[O-])c4)cc3)c(=O)oc2cc1OC,1.0
470,COc1cc(C=NC2CCN(Cc3ccccc3)C2)cc(OC)c1OC,0.0
471,Nc1ccc2c(c1)c(-c1ccccc1)[n+](CCCNCCCNCCCN=c1c3c([nH]c4ccccc14)CCCC3)c1cc(N)ccc21,1.0
472,CCOC(=O)C1C(C)=Nc2[nH]c3c(c(=N)c2C1c1ccc(OC)cc1)CCCC3,1.0
473,O=c1[nH]c2cc(Cl)ccc2n1C1CCN(Cc2cc(Cl)cc(C=NO)c2O)CC1,0.0
474,COc1cc2c(cc1OC)C(NC(=O)CN1CCN(Cc3ccccc3F)CC1)c1cnn(C)c1-2,0.0
475,C#CCCCC[n+]1ccn(C(C)(C)C)c1C=NO,0.0
476,CN(C)Cc1ccc(CSCCNc2cccc(F)c2C#N)o1,0.0
477,Cc1cccc(CNC2CCN(Cc3ccccc3)C2)c1,0.0
478,C=CC[N+](C)(C)c1cccc(O)c1,0.0
479,C#CCNC1CCc2ccc(OC(=S)N(C)CC)cc21,0.0
480,COc1ccc2[nH]cc(CCNC(=O)C=Cc3cc[n+](Cc4ccc(F)cc4)cc3)c2c1,1.0
481,CCN(CCCCCC(=O)N1Cc2ccc3c4c(ccc(c24)C1)CN(C(=O)CCCCCN(CC)Cc1ccccc1OC)C3)Cc1ccccc1OC,1.0
482,CC(C)C1=NC2CCC34CC35C(=O)CC3(C)C(C(C)N(C)Cc6ccccc6)C(O)CC3(C)C5CCC4C2(C)CS1,1.0
483,O=C(c1ccccc1)N1c2ccccc2[Se]c2ccccc21,0.0
484,CCCNC(=O)Oc1cccc(CN(C)CCCOc2ccc3c(=O)c4ccccc4oc3c2)c1,1.0
485,CN(C)CCOc1ccc(-c2nc3cc(Cl)ccc3[nH]2)cc1,0.0
486,Oc1ccc(C=NC2CCN(Cc3ccccc3)CC2)c(O)c1,0.0
487,CN(Cc1ccccc1)Cc1ccc(COc2ccc3c(CO)cc(=O)oc3c2)cc1,1.0
488,O=c1c2cc(OCCCn3ccnc3)ccc2nc2n1CCCc1ccccc1-2,0.0
489,CC1=CC2Cc3[nH]c4cc(Cl)ccc4c(=N)c3C(C1)C2NC=O,1.0
490,ON=CC1=NCCN1Cc1ccccc1,0.0
491,COc1cc2c(cc1O)CCC(C)(CCN)O2,0.0
492,CCCCCCCNC(=O)Oc1cccc(CN(CCCOc2ccc3c(=O)c4ccccc4oc3c2)C(C)C)c1,1.0
493,CCOC(=O)c1ccc2nc(-c3ccc(Cl)cc3)c3c(c2c1)NCCC3,0.0
494,O=c1nc2n(CCc3ccccc3)c3ccccc3nc-2c(=O)[nH]1,0.0
495,CCC(C)n1cc(C(=O)CF)cn1,0.0
496,C#CCNC1CCc2c(Cl)cc(OC(=O)N(C)CC)cc21,0.0
497,COc1cc(N)c(Br)cc1C(=O)NCC1CCN(CC2CCCCC2)CC1,0.0
498,COc1ccc(C=NNC(=O)CN2CCN(Cc3ccccc3)CC2)cc1OC,0.0
499,CCN(C)C(=O)Oc1cccc2c1C(N)CC2,0.0
500,O=C(C[n+]1ccc(C=NO)cc1)N=c1[nH]c(-c2ccccc2)cs1,0.0
501,O=C(N=c1[nH]c(-c2ccc(Cl)cc2)c(-c2ccc(Cl)cc2)s1)C1CCN(Cc2cccc(F)c2)CC1,1.0
502,COc1ccc2[nH]cc(CCNC(=O)CN(CCCCCCCCN=c3c4c([nH]c5ccc(OC)cc35)CCCC4)C(=O)C=Cc3ccc(O)c(OC)c3)c2c1,0.0
503,COc1ccc(C2CN(C)C3(C(=O)c4ccccc4C3=O)C23CSc2ccccc2C3=O)cc1,0.0
504,CCN(CC)C(=O)C=Cc1ccc(OC(=O)N(C)C)c(OC)c1,0.0
505,CCCCC(CC)CN(C[PH](=O)(=O)O)C[PH](=O)(=O)O,0.0
506,CN(C)Cc1cc2c(cc1OC(=O)Nc1ccccc1)C1(C)CCN(C)C1N2C,0.0
507,O=C(NCCCCCc1ccccc1)Oc1ccc(-n2cc(COc3ccc4ccc(=O)oc4c3)nn2)cc1,0.0
508,c1cncc(CN=c2c3c([nH]c4ccccc24)CCCC3)c1,0.0
509,CCN(Cc1ccccc1)Cc1cccc(-c2coc3cc(OC)c(OC)cc3c2=O)c1,0.0
510,CCCCCCCN=c1c2c([nH]c3ccc(OC)cc13)CCCC2,1.0
511,C(=CC[n+]1cccc2ccccc21)C[n+]1cccc2ccccc21,0.0
512,COC(=O)c1c[n+](Cc2ccccc2)ccc1CC1Cc2cc(OC)c(OC)cc2C1=O,1.0
513,CC(C)c1ccc(NC(=O)Oc2ccc3c(c2)C2(C)CCN(Cc4ccccc4)C2N3Cc2ccccc2)cc1,0.0
514,COc1ccc(C(=O)C(=NO)SCC[N+](C)(C)C)cc1,0.0
515,COc1ccc2c(c1)CCC(Cc1cc[n+](Cc3ccccc3C)cc1C(C)=O)C2=O,1.0
516,COc1cc2c(cc1OC)CN(Cc1ccc(O)c(C=NO)c1)CC2,0.0
517,COc1ccc(C(=O)N2c3ccccc3[Se]c3ccccc32)cc1,0.0
518,CC(C)Cc1ccc(C(C)C(=O)NCCCNCCC=Nc2cc(O)c(NCCCNCCCNC(=O)C(C)c3ccc(CC(C)C)cc3)cc2O)cc1,1.0
519,N=c1c2c([nH]c3c1C(c1ccccc1)c1ccc4cccnc4c1O3)CCCC2,0.0
520,CCN(CCCOc1ccc2c(=O)c3ccccc3oc2c1)Cc1cccc(OC(=O)NC)c1,1.0
521,O=C(NCCCN=c1c2c([nH]c3ccccc13)CCCC2)c1sc(-c2cc[nH]c(=NC(=O)C3CCC3)c2)nc1OCC1CC1,1.0
522,COc1cccc2cc(CNCCCCCCCN=c3c4c([nH]c5ccccc35)CCCCC4)oc12,1.0
523,CCN(CC)Cc1cc2cc(c1O)Oc1ccc(cc1)CC1c3cc(c(OC)cc3CCN1C)Oc1c(OC)c(OC)cc3c1C(C2)N(C)CC3,0.0
524,CN1c2ccccc2C(n2nnc3ccccc32)c2ccccc21,0.0
525,O=C(NP(=O)(N1CCOCC1)N1CCOCC1)c1ccccc1,0.0
526,CC(C)c1ccc(NC(=O)OC2CCCN(Cc3ccccc3)C2)cc1,0.0
527,N=c1c2c([nH]c3c1C(c1cccc(F)c1)c1ccc4cccnc4c1O3)CCCC2,0.0
528,O=CC1CCN(Cc2cc(Cl)c3ccccc3n2)CC1,0.0
529,NC(Cc1c[nH]c2ccccc12)C(=O)NCCCCCCN=c1c2c([nH]c3cc(Cl)ccc13)CCCC2,1.0
530,CCCCCCCCCCCCCN=c1c2c([nH]c3ccc(OC)cc13)CCCC2,0.0
531,O=c1c2cc(OCCCN3CCCCC3)ccc2nc2n1CCCC2,1.0
532,CC(C1C(O)CC2(C)C3CCC4C5(C)COC(C(C)(C)F)=NC5CCC45CC35C(=O)CC12C)N(C)C,1.0
533,c1cc[n+](CCCCCCCC[n+]2cccc3ccccc32)cc1,1.0
534,C#CCN(C)C1CCc2cccc(OC(=O)N(C)CCC)c21,0.0
535,CC(C)C1=NC2CCC34CC35C(=O)CC3(C)C(C(C)N(C)Cc6cccc(C(F)(F)F)c6)C(O)CC3(C)C5CCC4C2(C)CS1,1.0
536,COc1ccc(CN=c2[nH]c(=NC(N)=O)[nH]c3ccccc23)cc1OC,0.0
537,CC(C)c1ccc(NC(=O)Oc2ccc3c(c2)C2(C)COC(C2)O3)cc1,0.0
538,CN1CCN(CCCNC(=O)COc2ccc(-c3ccccc3)cc2)CC1,0.0
539,Cc1cccc(CN2CCC(CC(=O)NCCc3c[nH]c4ccccc34)CC2)c1,0.0
540,O=C(C=Cc1ccc(OCc2ccccc2)cc1)NCCN=c1c2c([nH]c3ccccc13)CCCC2,1.0
541,O=C1c2ccccc2SCC12C(c1ccc(Br)cc1)C1CSCN1C21C(=O)c2ccccc2C1=O,0.0
542,CN(C)Cc1ccc(CSCCNc2cc(Nc3ccc(F)cc3)c([N+](=O)[O-])cc2[N+](=O)[O-])o1,1.0
543,COc1cc2cc(C(=O)C3CCC[N+](C)(Cc4ccc([N+](=O)[O-])o4)CC3)sc2cc1OC,1.0
544,C[n+]1c2ccccc2c(-c2ccc(F)cc2)c2ccccc21,0.0
545,C=CCNCC(=O)Nc1ccc2nc3n(c(=O)c2c1)CCC3,1.0
546,Cc1ccc(C2c3ccc4cccnc4c3Oc3[nH]c4c(c(=N)c32)CCCC4)cc1,0.0
547,COc1ccc(Cn2cc(C(=O)NCCCCCCCN=c3c4c([nH]c5ccccc35)CCCC4)c(=O)c3ccccc32)cc1,1.0
548,Cc1cccc2c1ccc1c3occ(C)c3c(=O)oc(=O)c21,0.0
549,CC(C)C1=NC2CCC34CC35C(=O)CC3(C)C(C(C)N(C)CCN6C(=O)c7ccccc7C6=O)C(O)CC3(C)C5CCC4C2(C)CS1,1.0
550,CCN(CCCCCC(=O)N1CCC(CCC2CCN(C(=O)CCCCCN(CC)Cc3ccccc3OC)CC2)CC1)Cc1ccccc1OC,1.0
551,COc1cc2c(cc1OC)C(=O)C1(C2)C(c2ccccc2)CN(C)C12C(=O)Nc1ccccc12,0.0
552,O=C(c1cnn(C2CCCC2)c1)C(F)F,1.0
553,CC(C)N(CCOc1ccc(-c2nc3ccccc3[nH]2)cc1)C(C)C,0.0
554,COc1cc2c(cc1OC)C(=O)C(CC1CCN(Cc3cccc(Cl)n3)CC1)C2,1.0
555,O=C1c2ccccc2SCC12C(c1ccc(Cl)cc1)C1CSCN1C21C(=O)c2ccccc2C1=O,0.0
556,c1ccc(CN=c2cc[nH]c(N3CCSCC3)n2)cc1,0.0
557,COc1cc2c(cc1OC)SC(C(=O)CCc1cc[n+](Cc3ccsc3)cc1)C2,1.0
558,CC(C)=CCC12CC3C4C(O)C(C)(C)C(C(C)C)CC4(C1=O)C(=O)C(C(=O)c1ccccc1)(C2=O)C3(C)C,0.0
559,COc1cccc2c1C(=O)C(=CC1CCN(Cc3ccc4c(c3)OCO4)CC1)C2,0.0
560,O=c1cc(Cl)c2ccc(OCCNC3CCN(Cc4ccccc4)CC3)cc2o1,0.0
561,O=[N+]([O-])c1ccc2[nH]c(=NCCc3cc[n+](Cc4ccc(F)cc4)cc3)sc2c1,1.0
562,O=C1CCN(Cc2ccccc2)CC1=Cc1c[nH]c2ccccc12,0.0
563,CN(C)C(C=NO)=NCc1ccccc1,0.0
564,CCN(CCCCCCNC(=O)COc1ccc(-c2cc(=O)c3c(O)c(OC)c(OC)cc3o2)cc1)Cc1ccccc1OC,0.0
565,CNC(=O)Oc1ccc2c(c1)C1(C)CC[N+](C)([O-])C1N2C,1.0
566,c1ccc2nc3ccccc3cc2c1,0.0
567,COc1cc2oc(-c3ccc(OCC(=O)NCCCCCN=c4c5c([nH]c6cc(Cl)ccc46)CCCC5)cc3)cc(=O)c2c(OC)c1OC,1.0
568,c1cc[n+](CCCC[n+]2ccccc2)cc1,0.0
569,COc1cc2oc(-c3cccc(OCC(=O)NCCCCCN=c4c5c([nH]c6cc(Cl)ccc46)CCCC5)c3)cc(=O)c2c(OC)c1OC,1.0
570,N=c1c2c([nH]c3ccc(Cl)cc13)OCCC2,0.0
571,COc1cccc(C=CC(=O)Nc2ccc(CN(C)Cc3ccccc3)cc2)c1,0.0
572,C#CCNCc1cc2cc(OCCCC3CCN(Cc4ccccc4)CC3)ccc2[nH]1,0.0
573,CCOC(=O)C1C(C)=Nc2[nH]c3c(c(=N)c2C1c1ccccc1C(F)(F)F)CCCC3,1.0
574,Cc1ccc2oc(-c3ccc(OCCCCCCN4CCCCCC4)cc3)cc(=O)c2c1,1.0
575,NC(=O)c1cc[n+](CCC[n+]2cccc(NC(=O)C=NO)c2)cc1,0.0
576,O=C(Nc1ccccc1)OC1CCN(Cc2ccccc2)CC1,0.0
577,CCCN(C)c1ccc(C=C2Cc3cc(OC)c(OCCN4CCCCC4)cc3C2=O)cc1,1.0
578,CN(CCCCCCCOc1ccc(-c2oc3ccccc3c2C(=O)c2ccccc2)cc1)Cc1ccccc1,0.0
579,O=c1c2cc(OCCCN3CCCCC3)ccc2nc2n1CCCc1ccccc1-2,1.0
580,COC[n+]1ccn(C)c1C=NO,0.0
581,COc1ccc(CCOCCCCCN=c2c3c([nH]c4ccccc24)CCCC3)cc1OC,1.0
582,COc1cc2oc(C(=O)NC3CCN(Cc4ccccc4)CC3)cc(=O)c2cc1OC,1.0
583,O=C(CCc1c[nH]c2ccccc12)NC1CCN(Cc2ccccc2)CC1,0.0
584,COc1cccc(CCCCCCc2cccc(OC)[n+]2C)[n+]1C,1.0
585,COc1cccc(CN(C)CCOc2ccc3c(c2)oc(=O)c2ccccc23)c1,0.0
586,COc1cc2c(cc1OC)C(c1ccccc1)N(CC1CCN(Cc3cc(Cl)cc(C=NO)c3O)CC1)CC2,0.0
587,CCCCNCC(=O)Nc1ccc2nc3n(c(=O)c2c1)CCC3,1.0
588,CN(C)CCCN(c1nc2ccccc2[nH]1)c1nc2ccccc2[nH]1,0.0
589,COc1cc2c(cc1OC)CN(Cc1cc(Cl)cc(C=NO)c1O)CC2,0.0
590,CCCN1Cc2cc(O)ccc2N(C)C1c1ccccc1,0.0
591,COc1cc2c(cc1OC)C(NC(=O)CN1CCN(Cc3ccccc3)CC1)c1cnn(C)c1-2,0.0
592,C[n+]1c(C=Cc2ccc(Cl)cc2)ccc2ccccc21,0.0
593,c1ccc(CN2CCC(N=c3[nH]ccc(=NCc4ccc5c(c4)OCO5)[nH]3)CC2)cc1,0.0
594,O=C(CCCCC1CCSS1)NCCCN=c1c2c([nH]c3ccccc13)CCCC2,1.0
595,CCN(CCCCCCN=C1CC(=O)c2ncccc2C1=O)Cc1ccccc1OC,1.0
596,COc1nc(-c2cc[nH]c(=NC(=O)C3CC3)c2)sc1C(=O)NCCCN=c1c2c([nH]c3cc(Cl)ccc13)CCCC2,1.0
597,CCOC(=O)c1c(C)c(N2CCN(C)CC2)nc2ccccc12,0.0
598,COc1ccc(C2=NN(C(C)=O)C(c3ccc(N4CCN(Cc5ccccc5)CC4)cc3)C2)cc1OC,0.0
599,CCN(CCCCCCOc1cc(O)c2c(=O)c(-c3ccc(O)cc3)coc2c1)Cc1ccccc1,0.0
600,COc1cc(OC)c2c(=O)cc(C(=O)NCCCCCCCCCCN=c3c4c([nH]c5cc(Cl)ccc35)CCCC4)oc2c1,1.0
601,CNC(=O)c1cc2c(OC(=O)N(C)C)cccc2[n+](C)c1,1.0
602,CCCN(CCC)c1ccc(C=C2Cc3cc(OC)c(OCCN4CCCCC4)cc3C2=O)cc1,1.0
603,COc1ccc2[nH]c3c(c(=N)c2c1)CCCC3,0.0
604,CCN(CCCCCC(=O)NC1CCCCC1NC(=O)CCCCCN(CC)Cc1ccccc1OC)Cc1ccccc1OC,0.0
605,O=C(NN=Cc1ccc([N+](=O)[O-])cc1)N1CCN(c2ccccn2)CC1,0.0
606,Cc1ccc(C(=O)C(=NO)SCCN(C)C)cc1,0.0
607,CCN(CC)Cc1ccc(C(=O)c2ccc(OC)c(OC)c2)cc1,0.0
608,N#Cc1cc(C#N)c(=N)[nH]c1NCCCCC1CCN(Cc2ccccc2)CC1,1.0
609,Cn1cc[n+](COCc2cccc3ccccc23)c1C=NO,0.0
610,O=C1C(=Cc2cc[nH]c2)CN(Cc2ccccc2)CC1=Cc1cc[nH]c1,0.0
611,CC1=CC2Cc3[nH]c4cc(Cl)ccc4c(=N)c3C(C1)C2N,1.0
612,Cc1cc(C=NO)c(O)c(CNc2ccc(N3CCOCC3)c(F)c2)c1,0.0
613,CCN(CC)CCCOc1ccc2c(c1)C(=O)C(=Cc1ccc(CN(C)Cc3ccccc3)cc1)C2,0.0
614,C#CCN1CCCC(OC(=O)N(C)CC)C1,0.0
615,O=C(Nc1ccccc1)OCC1CCCN(Cc2ccccc2)C1,0.0
616,CCc1cccc(CC)c1NC(=O)Oc1ccc2c(c1)C1(C)CCN(C)C1N2C,0.0
617,Nc1cccc(Cl)c1Oc1ccc(CNc2ccc(O)cc2)cc1,0.0
618,CCCN(CCC)Cc1cc(N)ccc1O,0.0
619,CC(C)c1ccc(NC(=O)Oc2ccc3c(c2)C2(C)COC(C2)O3)cc1,0.0
620,CN(Cc1ccccc1)Cc1ccc(C=C2CCc3cc(OCCCCCN4CCN(Cc5ccc(F)cc5)CC4)ccc3C2=O)cc1,0.0
621,CCCCCCNCC(=O)Nc1ccc2nc3n(c(=O)c2c1)CCC3,1.0
622,O=C(c1cnn(C2CCCC2)c1)C(F)(F)F,1.0
623,COc1cccc2cc[n+](-c3ccc(Cl)cc3)cc12,1.0
624,CCCCCCCNC(=O)Oc1cccc(CN(C)CCCOc2ccc3c(=O)c4cccnc4oc3c2)c1,1.0
625,CC(C)OC[n+]1ccn(C)c1C=NO,0.0
626,c1cc[n+](Cc2ccc3ccc(C[n+]4ccccc4)cc3c2)cc1,1.0
627,CN(C)CCNC(=S)Nc1ccc(S(N)(=O)=O)cc1,0.0
628,COc1cc2c(cc1OC)C(=O)C(CC1CCN(Cc3ccccc3C(F)(F)F)CC1)C2,0.0
629,Nc1cccc(Cl)c1Oc1ccc(CNc2cc(Br)cc(Br)c2)cc1,0.0
630,CCN(CCCCCCOc1ccc2c(C)c(C)c(=O)oc2c1)Cc1ccccc1,1.0
631,Cc1cc(C)c(C(=O)n2nc(OCCN3CCCCC3)c3ccccc32)c(C)c1,0.0
632,Nc1ccc(O)c(CN2CCCC2)c1,0.0
633,CC1CCCC(C)N1S(=O)(=O)c1ccccc1,1.0
634,ON=C(O)c1ccc(N=c2c3ccccc3[nH]c3ccc(F)cc23)cc1,1.0
635,COc1cc2c(cc1OC)C(c1ccccc1)N(CCCCCc1ccc(O)c(C=NO)n1)CC2,0.0
636,CC(C)(C)OC(=O)N1CCN(c2nc(=NCc3ccccc3)cc[nH]2)CC1,0.0
637,CCN(C)C(=O)OCC1CCCN(C2Cc3ccccc3C2)C1,0.0
638,c1ccc(CN=c2c3c([nH]c4ccccc24)-c2ccccc2C3)cc1,0.0
639,c1cc(C[n+]2ccc3ccccc3c2)cc(C[n+]2ccc3ccccc3c2)c1,0.0
640,COc1cc2cc(NC(=O)CCCNCc3ccccc3)c(=O)oc2cc1OC,1.0
641,COc1ccc(-c2cc3c(c(=O)o2)CC2(O)C(C)(CCC4(O)C(C)(C)C(OC(C)=O)CC(O)C24C)O3)cc1,0.0
642,c1ccc2c[n+](CCCC[n+]3ccc4ccccc4c3)ccc2c1,0.0
643,Clc1cccc2c1N=C1CCCCCN1C2,0.0
644,CCCN=C(C=NO)N(C)C,0.0
645,ON=Cc1cc[n+](CCC[n+]2ccc(C=NO)cc2)cc1,0.0
646,CCN(Cc1ccccc1)Cc1ccc(-c2cc3cc(OCCNC(=O)CCc4ccc(F)c(F)c4)ccc3oc2=O)cc1,0.0
647,COc1ccc(C=C2COc3cc(OCCCCCCN=c4c5c([nH]c6ccccc46)CCCC5)ccc3C2=O)cc1,1.0
648,CC(C)NCc1cccc2[nH]c3ccccc3c12,0.0
649,COc1cc2c(cc1OC)C(=O)C(CC1CCN(Cc3cccc(C)n3)CC1)C2,1.0
650,COC1=CC(=O)C(N2CCC(C3CCN(Cc4ccccc4OC)CC3)CC2)=CC1=O,0.0
651,CNC(=O)Oc1ccc2c(c1)C1(C)CCN(C)OC1N2C,1.0
652,COc1cc2c(cc1OC)C(=O)C(Cc1cn(CC3CCN(Cc4ccccc4)CC3)nn1)C2,0.0
653,C[N+](C)(CC#CCOC1=NOCC1)CCCCCCCN=c1c2c([nH]c3ccccc13)CCCC2,1.0
654,CCOC(=O)c1ccc2nc(-c3ccc(Cl)cc3)c3c(c2c1)N(Cc1ccccc1)CCC3,0.0
655,O=C1c2ccccc2C(=O)N1CCCCCCNCc1ccccc1,0.0
656,CCC(C)C1=NC2CC=C3CC4C(=O)CC5(C)C(C(C)N(C)C)C(O)CC5(C)C4CCC3C2(C)CO1,1.0
657,COc1cccc(CC2CCN(CCCCOc3ccc4c(c3)oc(=O)c3ccccc34)CC2)c1,0.0
658,CC(=O)N1CCN(c2nc(=NCCc3ccccc3)cc[nH]2)CC1,0.0
659,CN(C)CCOC(=O)C=Cc1ccc2occ(C(=O)Nc3ccc(Cl)cc3)c(=O)c2c1,0.0
660,CCOc1cccc2c(=O)c3c(oc12)CCN(C(=CC(=O)OC)C(=O)OC)C3,0.0
661,Cc1cc(=O)oc2cc(OCCSC(=S)N3CCN(C(C)C)CC3)ccc12,0.0
662,COc1ccc(C(=O)CCCCc2cc[n+](Cc3cccc(Cl)c3)cc2C(N)=O)cc1OC,0.0
663,COc1cccc(CCCCCCCc2cccc(OC)[n+]2C)[n+]1C,1.0
664,COc1cc2[nH]c(C(=O)NCCC3CCN(Cc4ccccc4)CC3)cc(=O)c2cc1OC,1.0
665,CC1=CC2Cc3[nH]c4cc(Cl)ccc4c(=N)c3C(C1)C2,1.0
666,CNC(=O)Oc1cccc2c1OCC1CCN(C)C21,1.0
667,COc1cc(CCC(=O)N=CC(=O)Nc2ccc(C(F)(F)F)cc2)ccc1O,0.0
668,COc1ccc2cc3[n+](cc2c1OC)CCc1cc2c(cc1-3)OCO2,0.0
669,O=C(Cc1ccccc1Nc1c(Cl)cccc1Cl)NCCCNCCC=Nc1cc(O)c(NCCCNCCCNC(=O)Cc2ccccc2Nc2c(Cl)cccc2Cl)cc1O,0.0
670,COc1cc2c(cc1OC)C(=O)C(CC1CCN(Cc3cccc(Br)n3)CC1)C2,0.0
671,O=c1cc2cc3o[nH]c(CCC4CCN(Cc5ccccc5)CC4)c3cc2[nH]1,1.0
672,O=[N+]([O-])c1ccc(CNC2CCN(Cc3ccccc3)C2)cc1,1.0
673,O=C(NCCCN=c1c2c([nH]c3ccccc13)CCCC2)c1sc(-c2cc[nH]c(=NC(=O)C3CC3)c2)nc1OCC1CC1,1.0
674,Brc1cccc(-c2nnc(N=c3nccc[nH]3)o2)c1,0.0
675,c1ccc(CN2CCC(CCN=c3cc4c(n[nH]3)-c3ccccc3C4)CC2)cc1,1.0
676,COc1ccc2oc(C(=O)NCCCCCCCCCCN=c3c4c([nH]c5cc(Cl)ccc35)CCCC4)cc(=O)c2c1,1.0
677,COc1ccc(C(=O)COc2ccc([N+](C)(C)Cc3ccccc3)cc2)cc1OC,0.0
678,NCCCN=c1c2c([nH]c3cc(Cl)ccc13)CCCC2,1.0
679,CCCN(CCCOc1ccc2c(=O)c3ccccc3oc2c1)Cc1cccc(OC(=O)NC)c1,1.0
680,N=c1c2c([nH]c3c1C(c1ccc(Cl)cc1)NC(=S)N3)CCCC2,0.0
681,COc1ccc(C(CN(C)c2ccc(NCc3cc(Cl)cc(C=NO)c3O)cc2)C2(O)CCCCC2)cc1,0.0
682,C#CCN(C)Cc1cc2cc(OCCCC3CCN(Cc4ccccc4)CC3)ccc2[nH]1,0.0
683,COc1ccc2[nH]c3c(c(=NCCCCCCCNC(=O)C(N)Cc4c[nH]c5ccccc45)c2c1)CCCC3,1.0
684,CN1CC(c2ccc(F)cc2)C2(CSc3ccccc3C2=O)C12C(=O)c1ccccc1C2=O,0.0
685,COc1ccc(Cn2cc(C(=O)NCCN=c3c4c([nH]c5ccccc35)CCCC4)c(=O)c3ccccc32)cc1,1.0
686,c1cc(C[n+]2ccc(N3CCCCC3)cc2)cc(-c2cccc(C[n+]3ccc(N4CCCCC4)cc3)c2)c1,1.0
687,COc1ccc(-c2[nH]c(=NC(=O)C3CCN(Cc4c(F)cccc4Cl)CC3)sc2-c2ccc(OC)cc2)cc1,1.0
688,N#Cc1cc2c(cn1)[nH]c1ncc(-c3nc(CN4CCCCC4)cs3)cc12,1.0
689,O=C(CCCCCN=c1c2c([nH]c3ccccc13)CCCC2)NCCc1c[nH]c2ccc(O)cc12,1.0
690,COc1cc2c(cc1OC)C(=O)C(CC1CCN(Cc3cccc(C)c3)CC1)C2,1.0
691,NC(=O)Cc1nc(=NCc2ccccc2)c2ccccc2[nH]1,0.0
692,CNC(=O)Oc1ccc2c(c1)C1(C)CCOC1N2C,1.0
693,CNC(=O)Oc1cccc(CN(C)CCCCCCCOc2ccc3c(c2)CCC(=Cc2cc(OC)c(OC)c(OC)c2)C3=O)c1,1.0
694,CCN(CC)CCSC(=NO)C(=O)c1ccc(Cl)cc1,0.0
695,CCN=c1[nH]c(=NCc2ccc(OC)c(OC)c2)c2ccccc2[nH]1,0.0
696,Cn1cc[n+](COCC(C)(C)C)c1C=NO,0.0
697,CCN(CCCCCC=Nc1cc(O)c(NCCCCCCN(CC)Cc2ccco2)cc1O)Cc1ccco1,1.0
698,COc1cc(N)c(Cl)cc1C(=O)CCC1CCN(CCC2CCCCC2)CC1,1.0
699,O=C(Nc1ccccc1)OCC1CCN(Cc2ccccc2)CC1,0.0
700,ON=CC1=NCCN1Cc1ccc(Cl)cc1Cl,0.0
701,O=C(c1ccccc1OCc1ccccc1)n1nc(OCCCN2CCCCC2)c2ccccc21,0.0
702,CCN(CCCCCCNc1ccc(NCCCCCCN(CC)Cc2ccccc2OC)cc1)Cc1ccccc1OC,1.0
703,c1ncc(-c2cc3c(cn2)[nH]c2ncc(-c4ccc(CN5CCCCC5)cc4)cc23)cn1,1.0
704,O=C(NCCCCN=c1c2c([nH]c3cc(Cl)ccc13)CCCC2)c1ccc2nc(-c3ccc(Cl)cc3)c3c(c2c1)NCCC3,1.0
705,CC(=O)NCCc1c[nH]c2ccc(OC(=O)NCCCCCCN=c3c4c([nH]c5ccccc35)CCCC4)cc12,1.0
706,CC1=CC2Cc3[nH]c4cc(Cl)ccc4c(=NCCCCCCCCCN=c4c5c([nH]c6cc(Cl)ccc46)CCCC5)c3C(C1)C2,1.0
707,CC1=CC2Cc3[nH]c4cc(Cl)ccc4c(=NCCCCCCCCCCCCN=c4c5c([nH]c6cc(Cl)ccc46)CCCC5)c3C(C1)C2,1.0
708,COc1ccc(C2CC(=O)c3c(O)cc(O)cc3O2)cc1O,0.0
709,COP(=O)(Oc1ccc(C)cc1)N(C)C,0.0
710,O=C(CCc1ccc2nc(-c3ccccc3)c3c(c2c1)OCCC3)NCCCCCCCN=c1c2c([nH]c3cc(Cl)ccc13)CCCC2,1.0
711,COc1ccc2[nH]cc(CCNC(=O)CCCCCCN=c3c4c([nH]c5cc(Cl)cc(Cl)c35)CCCC4)c2c1,1.0
712,C(=CC1CCN(Cc2ccccc2)CC1)c1noc2ccccc12,1.0
713,O=C1CC(c2ccc(O)cc2)Oc2cc(O)cc(O)c21,0.0
714,O=C(C=Cc1ccc(F)cc1)NCCC1CCN(Cc2ccccc2)CC1,0.0
715,CNC(=O)c1sc(-c2cc[nH]c(=NC(=O)CNCCN=c3c4c([nH]c5ccccc35)CCCC4)c2)nc1OC,1.0
716,CN(CCCOc1ccc2c(=O)c3ccccc3oc2c1)Cc1cccc(OC(=O)NCCCCCCN2CCOCC2)c1,1.0
717,COc1ccc(C(CN(C)c2ccc(NCc3cc(C)cc(C=NO)c3O)cc2)C2(O)CCCCC2)cc1,0.0
718,CC=C1C2C=C(C)CC1(N)c1ccc(=O)[nH]c1C2,1.0
719,O=C(CCC(NC(=O)c1ccccc1)C(=O)O)NCCC1CCN(Cc2ccccc2)CC1,1.0
720,CCC(C)C(=O)C1C(=O)C2(CC=C(C)C)OC(=O)C(CC=C(C)C)(CC(CC=C(C)C)C1(C)CC=CC(C)(C)O)C2=O,0.0
721,CNC(=O)Oc1cccc(CN(C)CCCOc2ccc3c(c2)OC(=Cc2cc(OC)c(OC)c(OC)c2)C3=O)c1,1.0
722,Clc1ccc2c(c1)N=C1CCCCCN1C2,1.0
723,CN(C)Cc1ccc(CSCCCSCc2ccc(CN(C)C)o2)o1,1.0
724,OC1CCCN(C2Cc3ccccc3C2)C1,0.0
725,CC(=O)C12C(=O)C(CC=C(C)C)=C3OC(C(C)(C)O)CC3(CC(CC=C(C)C)C1(C)CCC=C(C)C)C2=O,0.0
726,COc1ncccc1C=Cc1ccc2ccccc2[n+]1C,0.0
727,CCCOc1ccccc1C[N+](C)(CC)CCCCCC(=O)N(C)CCCCCCCCN(C)C(=O)CCCCC[N+](C)(CC)Cc1ccccc1OCCC,1.0
728,CCN(Cc1ccccc1)Cc1ccc(-c2cc3ccc(OCCNC(=O)C=Cc4cc(F)cc(F)c4)cc3oc2=O)cc1,0.0
729,CC(C)(C)c1cc(C=CC(=O)NCCC2CCN(Cc3ccccc3Cl)CC2)cc(C(C)(C)C)c1O,0.0
730,c1ccc2c(c1)ccc[n+]2CCCCCCCCCCCC[n+]1cccc2ccccc21,1.0
731,S=C(NCCN1CCOCC1)Nc1cccc(Cl)c1,0.0
732,Cc1ccc(OP(=O)(Cl)N(C)C)cc1,0.0
733,CC(C)c1ccc(NC(=O)Oc2ccc3c(c2)C2(C)CCOC2O3)cc1,0.0
734,COc1cccc2cc(C(=O)NCCCCCCCN=c3c4c([nH]c5ccccc35)CCCC4)oc12,1.0
735,O=c1c2cc(OCCCN3CCCCC3)ccc2nc2n1CCC2,0.0
736,N=c1c2c([nH]c3ccccc13)CC(O)CC2,1.0
737,c1ccc(CN=c2[nH]c(=NC3CC3)[nH]c3ccccc23)cc1,0.0
738,CC(C)=CCCC1(C)C(CC=C(C)C)CC2(CC=C(C)C)C(=O)C1(C(=O)C(C)C)C(=O)C1=C2OC(C(C)(C)O)C1O,0.0
739,CCN(CC)CCOc1cccc(C(=O)c2c(-c3ccc(OCCCCCCCN(C)Cc4ccccc4)cc3)oc3ccccc23)c1,0.0
740,CN1CCC2(C)c3cc(OC(=O)Nc4ccccc4)ccc3N(C)C12,1.0
741,COc1ccc2[nH]cc(CCNC(=O)CC3CCN(Cc4ccc(C)cc4)CC3)c2c1,0.0
742,COc1ccc2[nH]cc(CCCN3CCN(C(=O)CN4CCN(C(=O)c5ccc(Br)cc5)CC4)CC3)c2c1,0.0
743,CCCCCCOC(=O)C(CCC(=O)NCCC1CCN(Cc2ccccc2)CC1)NC(=O)c1cc2ccccc2s1,1.0
744,C(=CC[n+]1ccc2ccccc2c1)C[n+]1ccc2ccccc2c1,0.0
745,c1ccc2c(c1)Cc1c-2[nH]c2ccccc2c1=NCCCCCCCN=c1c2c([nH]c3ccccc13)-c1ccccc1C2,1.0
746,COc1c2c(cc3c1OCO3)C13C=CC(OC)CC1N(C2)CC3OC(=O)c1ccccc1C,0.0
747,CCC1=CC2Cc3nc4cc(Cl)ccc4c(Cl)c3C(C1)C2,0.0
748,CC=C1C2C=C(C)CC1(N=Cc1ccc(OC)cc1OC)c1ccc(=O)[nH]c1C2,1.0
749,c1ccc2c(c1)ccc[n+]2CCCCCCC[n+]1cccc2ccccc21,1.0
750,Nc1ccc(O)c(Cn2cccn2)c1,0.0
751,Clc1ccc2c(=NCCCCCCCOc3ccc(-c4cc5ccccc5o4)cc3)c3c([nH]c2c1)CCCC3,1.0
752,O=C(CCC1CCN(Cc2ccccc2O)CC1)c1cc2c3c(ccn3C(=O)CC2)c1,1.0
753,CC(=O)c1c[n+](Cc2ccccc2C)ccc1CC1Cc2cc(C)c(C)cc2C1=O,1.0
754,CN(C)Cc1ccc(CSCCNc2cc(F)c([N+](=O)[O-])cc2[N+](=O)[O-])o1,1.0
755,CCCN(C)C(=O)Oc1ccc2c(c1)C(N)CC2,0.0
756,COc1ccc2[nH]c3c(c(=NCCCNC(=O)C4(C)CCc5c(C)c(O)c(C)c(C)c5O4)c2c1)CCCC3,0.0
757,COc1cc(C=CC(=O)N2CCCCC2)ccc1OC(=O)N(c1ccccc1)c1ccccc1,0.0
758,CC12CCNC1Nc1ccc(OC(=O)Nc3ccccc3)cc12,1.0
759,OCC1CCCN(C2Cc3ccccc3C2)C1,0.0
760,Cc1nc(C(=O)NCCCCCCN=c2c3c([nH]c4ccccc24)CCCC3)cc2c1[nH]c1ccccc12,1.0
761,COc1cc2c(cc1OC)SC(CC1CC[N+](C)(Cc3ccccc3)CC1)C2,0.0
762,CCOc1ccc(Cc2nc3cc(C(=O)N(CC)CC)ccc3n2CCCN=c2c3c([nH]c4ccccc24)CCCC3)cc1,1.0
763,CCN(CC)CCSC(=NO)C(=O)c1ccc(Br)cc1,0.0
764,CN1CCC2(C)c3cc(OC(=O)Nc4ccccc4)ccc3N(C)C12,1.0
765,COc1cccc2cc(C(=O)NCCCCCCN=c3c4c([nH]c5ccccc35)CCC4)oc12,0.0
766,CNCc1cc(N)ccc1O,0.0
767,Cc1cc(C)c(NC(=O)Oc2ccc3c(c2)C2(C)CCN(C)C2N3C)c(C)c1,0.0
768,COc1ccc2c(ccc[n+]2Cc2ccccc2)c1,0.0
769,O=S(=O)(c1ccccc1)n1ccc2c(N3CCN(CCCCCCCN=c4c5c([nH]c6ccccc46)CCCC5)CC3)cccc21,1.0
770,CN(CCCOc1ccc2c(=O)c3ccccc3oc2c1)Cc1cccc(OC(=O)NCCCCCCCCCN2CCOCC2)c1,1.0
771,COc1cc2c(cc1OC)C(c1ccccc1)N(CCCc1ccnc(C=NO)c1O)CC2,0.0
772,COC(=O)C=C(C(=O)OC)N1CCc2oc3ccc(Br)cc3c(=O)c2C1,0.0
773,CC1(C)CC(=O)C2C(=Nc3[nH]c4c(c(=N)c3C2c2ccc(F)cc2)CCCC4)C1,0.0
774,c1ccc2[nH]c(-c3ccc(OCCN4CCCCC4)cc3)nc2c1,0.0
775,CCc1c(C(=O)NCCCCCCCN=c2c3c([nH]c4ccccc24)CCCC3)nc(-c2ccccc2Cl)n1-c1ccc(Cl)cc1,0.0
776,CC12CCC3C(CCC4C(C)(C(=O)OCC[N+](C)(C)Cc5ccccc5)CCCC34C)(CC1=O)C2,0.0
777,COc1cccc(CN=c2c3c([nH]c4ccc(Cl)cc24)CCCC3)c1,0.0
778,COc1cc2c(cc1OC)C(=O)C1(C2)C(c2ccc(F)cc2)C(c2ccccc2)NC12C(=O)Nc1ccc(Cl)cc12,0.0
779,CCCCC1=NC2(CCCC2)C(=O)N1Cc1ccc(Br)cc1,1.0
780,CCn1c(C)nc2cc(C(=O)CCC3CCN(Cc4ccccc4)CC3)ccc21,1.0
781,COc1cc(C(C)N(C)C)cc2oc(=O)c3ccccc3c12,0.0
782,c1ccc2[nH]c(-c3ccc(OCCN4CCCC4)cc3)nc2c1,0.0
783,COc1ccc2[nH]cc(CCNC(=O)CN(CCCCCCCCN=c3c4c([nH]c5ccccc35)CCCC4)C(=O)C=Cc3ccc(O)c(OC)c3)c2c1,1.0
784,CN(CCCCCCCOc1ccc(-c2cc3ccccc3o2)cc1)Cc1ccccc1,0.0
785,CC=C1C2C=C(C)CC1(N)c1ccc(=O)[nH]c1C2,1.0
786,CCN(CC)P(=O)(Oc1ccc(C)cc1)N(C)C,0.0
787,COc1ccc2cc3[n+](cc2c1OCc1ccc(C(F)(F)F)cc1)CCc1cc2c(cc1-3)OCO2,0.0
788,Cc1c(C)c2c(c(C)c1O)CCC(C)(C(=O)NCCCCCN=c1c3c([nH]c4cc(Cl)ccc14)CCCC3)O2,1.0
789,c1ccc2oc(CN(CCCCCCN=c3c4c([nH]c5ccccc35)CCC4)Cc3cc4ccccc4o3)cc2c1,0.0
790,COc1ccc(CN(C)CCCCCC(=O)N(C)CCCCCCCCN(C)C(=O)CCCCCN(C)Cc2ccc(OC)cc2)cc1,0.0
791,O=c1nc2n(Cc3ccc(Cl)cc3)c3ccccc3nc-2c(=O)[nH]1,0.0
792,O=C(CCCc1c[nH]c2ccccc12)NCCCCCN=c1c2c([nH]c3cc(Cl)ccc13)CCCC2,1.0
793,O=[PH](=O)(O)CN1CCCN(C[PH](=O)(=O)O)CC1,0.0
794,CCCCCCNC(=O)Oc1ccc2c(c1)C1CCN(CCC)C1C2,1.0
795,COP(=O)(OC)OC=C(Cl)Cl,0.0
796,COc1ccc2c(c1O)CN1CCc3cc4c(cc3C1C2)OCO4,0.0
797,COc1cc2c(cc1O)CCC(C)(CC(=O)NCCCCCCN=c1c3c([nH]c4ccccc14)CCCC3)O2,1.0
798,O=C(CCC1CCN(Cc2cccc(O)c2)CC1)c1cc2c3c(ccn3C(=O)CC2)c1,1.0
799,O=C1C=C2SC3CC2(C=C1Br)c1c(c(O)c2[nH]cc4c2c1N=CC4)N3,0.0
800,C[n+]1cc2c3c(ccc2c2ccc4cc5c(cc4c21)OCO5)OCO3,0.0
801,NC(=O)c1sc(-c2cc[nH]c(=NC(=O)C3CC3)c2)nc1OCCC1CCN(Cc2ccccc2)CC1,1.0
802,COc1ccc2oc(C(=O)NCC3CCN(Cc4ccccc4)CC3)cc(=O)c2c1,0.0
803,CC=C1C2C=C(C)CC1(N=Cc1ccc(O)c(OCC)c1)c1ccc(=O)[nH]c1C2,1.0
804,CCNC(=O)Oc1ccc2c(c1)C1(C)CCOC1O2,1.0
805,c1ccc(CN2CCC(Cn3cc(CN=c4[nH]cnc5ccccc45)nn3)CC2)cc1,0.0
806,CNC(=O)Oc1cccc(C(C)N(C)C)c1,1.0
807,CCN(CC)C(C)CN1c2ccccc2Sc2ccccc21,0.0
808,CCN(C)C(=O)Oc1ccc2c(c1)C(N)CC2,0.0
809,N=c1c2c([nH]c3c1C(c1ccccc1)NC(=S)N3)CCCC2,0.0
810,COc1cc(CCC(=O)N=CC(=O)Nc2ccc(C)cc2)ccc1O,0.0
811,COc1cccc2c1Cc1c-2[nH]c2ccccc2c1=N,0.0
812,COc1cccc(C(=O)N2CCN(CC(=O)N3CCN(CCCc4c[nH]c5ccccc45)CC3)CC2)c1,0.0
813,COc1cc2oc(-c3ccc(OCCCCN(C)Cc4ccccc4)cc3)cc(=O)c2c(OC)c1OC,1.0
814,O=C(Nc1cc2ccccc2oc1=O)c1ccc([N+](=O)[O-])cc1,0.0
815,COC(=O)C[N+]1(C)CCC(CCC(=O)C2Cc3cc(OC)c(OC)cc3S2)CC1,1.0
816,CCN(C)C(=O)Oc1ccc(-c2cc(=O)c3c(O)cc(OC(=O)N(C)CC)cc3o2)cc1,0.0
817,COc1cc2c(cc1OC)C(=O)C1(C2)C(c2ccccc2)CN(C)C12C(=O)Nc1ccc([N+](=O)[O-])cc12,0.0
818,CCN1CCc2cc(-c3cnc4[nH]c5cnc(C#N)cc5c4c3)ccc2C1,1.0
819,CN(Cc1ccccc1)Cc1ccc(C(=O)c2ccc(OCCCCCN3CCCCC3)cc2)cc1,1.0
820,CCOC(=O)c1c(C)nc(N2CCN(S(=O)(=O)c3ccc(N)c(F)c3)CC2)nc1-c1ccc(OC)c(OC)c1,1.0
821,CCCCCCCN=c1c2c([nH]c3ccc(C)cc13)CCCC2,1.0
822,CC(C)(C)c1cc[n+](CCCCCCCCC[n+]2ccc(C(C)(C)C)cc2)cc1,1.0
823,COc1cc(CCC(=O)NCCCCCC(=O)NN=c2c3c([nH]c4ccccc24)CCCC3)cc(OC)c1OC,1.0
824,O=C(CN1CCN(C(=O)c2ccc(F)cc2)CC1)N1CCN(CCCc2c[nH]c3ccccc23)CC1,0.0
825,C#CC(C)OC[n+]1ccn(C)c1C=NO,0.0
826,O=C(CCc1ccc2nc(-c3ccccc3)c3c(c2c1)OCCC3)NCCCCCN=c1c2c([nH]c3cc(Cl)ccc13)CCCC2,1.0
827,CCN1CCC2(C)c3cc(OC(=O)NC(C)c4ccccc4)ccc3CC12,0.0
828,CN1c2ccccc2C(N2CCSCC2)c2ccccc21,0.0
829,CCOC(=O)c1ccc2nc(-c3cccnc3)c3c(c2c1)N(Cc1ccccc1)C(=O)CC3,0.0
830,C[N+](C)(C)CCSC(=NO)C(=O)c1ccc(Br)cc1,0.0
831,COc1cc(C=CC(=O)N2CCN(c3ccc(Cl)cc3)CC2)ccc1O,0.0
832,O=c1oc2cc(OCCN3CCN(Cc4ccccc4)CC3)ccc2c2c1CCCC2,0.0
833,S=C(NCc1ccccc1)NN=c1c2c([nH]c3ccccc13)CCCC2,1.0
834,COc1ccc2cc3[n+](cc2c1OCc1cccc(Br)c1)CCc1cc2c(cc1-3)OCO2,0.0
835,COc1cc2c(cc1OC)C(Cc1ccc(O)cc1)NCC2,0.0
836,CCN(CC)c1ccc(C=Cc2cc(N3CCN(CCO)CC3)c3ccccc3[n+]2C)c(O)c1,0.0
837,CCOC(=O)c1c(C)nc(N2CCN(S(=O)(=O)c3ccc(NC(C)=O)c(F)c3)CC2)nc1-c1ccccc1,1.0
838,COc1cccc2cc(CN(CCCCCCN=c3c4c([nH]c5ccccc35)CCC4)Cc3cc4cccc(OC)c4o3)oc12,0.0
839,Cc1cccc2[nH]c3c(c(=N)c12)CCCC3,1.0
840,Cc1ccc(-c2[nH]c(=NC(=O)C3CCN(Cc4cc(F)cc(F)c4)CC3)sc2-c2ccc(C)cc2)cc1,0.0
841,Cc1cc(C=NO)c(O)c(CNc2ccc(N3CCOCC3=O)cc2)c1,0.0
842,Cc1ccc(-c2[nH]c(=NC(=O)C3CCN(Cc4ccc(C#N)cc4)CC3)sc2-c2ccc(C)cc2)cc1,0.0
843,N#Cc1cc(C#N)c(=N)[nH]c1NCCC1CCN(Cc2ccccc2)CC1,1.0
844,CCN(CC)c1ccc(C=Cc2cc(N3CCOCC3)c3ccccc3[n+]2C)c(OC)c1,0.0
845,CN(C)C(=O)Oc1ccc[n+](C)c1,0.0
846,C#CCN=c1c2c([nH]c3cc(Cl)ccc13)CCCC2,1.0
847,COc1cccc2cc(CNCCCCCCN=c3c4c([nH]c5ccccc35)CCCC4)oc12,1.0
848,CCCCCCCNC(=O)Oc1cccc2c1OCC1CCN(C)C21,1.0
849,COc1ccc(NC(=S)NN=c2c3c([nH]c4ccccc24)CCCC3)cc1,1.0
850,COc1cc(CCC(=O)N=CC(=O)Nc2ccc(Br)cc2)ccc1O,0.0
851,CCCCCCCNC(=O)Oc1cccc(CN(C)CCCCCOc2ccc3c(=O)c4ccccc4oc3c2)c1,1.0
852,CN(Cc1ccccc1)Cc1ccc(-c2cc3cc(N)ccc3oc2=O)cc1,1.0
853,COC[n+]1c(C=NO)n(C)c2ccccc21,0.0
854,C#CCOc1ccc(C=NN=c2c3c([nH]c4ccccc24)CCCC3)cc1,0.0
855,COc1cc2c(cc1OC)CN(Cc1cc(C)cc(C=NO)c1O)CC2,0.0
856,Clc1ccccc1CN=c1cc[nH]c(=NC2CCN(Cc3ccccc3)CC2)[nH]1,0.0
857,CCOC(=O)c1cc2c(=N)c3c([nH]c2nc1C)CCC3,0.0
858,COc1cc2[se]n(-c3ccc(CN4CCCCC4)cc3)c(=O)c2cc1OC,0.0
859,CCN1CCC2(C)c3cc(OC(=O)NC)ccc3CC12,1.0
860,COc1ccc2[nH]cc(CCNC(=O)c3cc[n+](Cc4ccc(F)cc4)cc3)c2c1,0.0
861,CN1CC(c2cccc3ccccc23)C2(CSc3ccccc3C2=O)C12C(=O)c1ccccc1C2=O,0.0
862,O=C(NCCCC1CCN(Cc2ccccc2)CC1)c1cc(=O)c2cc(O)ccc2o1,1.0
863,CNC(=O)Oc1cccc(CN(C)CCCCCCCOc2ccc3c(c2)OC(=Cc2ccc4ccccc4c2)C3=O)c1,1.0
864,C#CCNC(C)Cc1cccc(OC(=O)N(C)C2CCCCC2)c1,0.0
865,CCN(CCCCCCCCc1cccc(OC)c1)Cc1ccccc1OC,0.0
866,COc1cc2c(cc1OCCN1CCCCC1)C(=O)C(=Cc1ccc(N(C)C)cc1)C2,1.0
867,COc1cc2[se]n(CCCCCCN=c3c4c([nH]c5ccccc35)CCCC4)c(=O)c2cc1OC,1.0
868,CN(C)Cc1ccc(CSCCNC(=O)NCCSCc2ccc(CN(C)C)o2)o1,0.0
869,Clc1ccc2c(c1)Nc1ccccc1[Se]2,0.0
870,COc1cc2c3cc1Oc1c(OC)c(OC)cc4c1C(Cc1ccc(O)c(c1)Oc1ccc(cc1)CC3N(C)CC2)N(C)CC4,0.0
871,[N-]=[N+]=Nc1cc(CN2CCC(C=O)CC2)nc2ccccc12,0.0
872,CCN(CCCCCC=Nc1cc(O)c(NCCCCCCN(CC)Cc2ccccn2)cc1O)Cc1ccccn1,1.0
873,Cc1c(C)c2c(c(C)c1O)CCC(C)(C(=O)NCCN=c1c3c([nH]c4cc(Cl)ccc14)CCCC3)O2,1.0
874,C#CCN1CCC(COC(=O)Nc2ccc(C(C)C)cc2)CC1,0.0
875,CCOC(=O)C1C(C)=Nc2[nH]c3c(c(=N)c2C1c1ccccc1OC)CCCC3,1.0
876,O=C(CCNCCN=c1c2c([nH]c3ccccc13)CCCC2)N1CCN(CCN=c2c3c([nH]c4ccccc24)CCCC3)CC1,1.0
877,O=[N+]([O-])c1ccc(-c2nnc(N=c3nccc[nH]3)o2)cc1,0.0
878,COc1ccc(C2CC(=O)c3c(cc(O)c(CC=C(C)CCC=C(C)C)c3O)O2)cc1O,0.0
879,O=C(NCCCCCCN=c1c2c([nH]c3ccccc13)CCCC2)c1cc2c([nH]c3ccccc32)c(-c2ccc(F)cc2)n1,1.0
880,CN(CCn1cc[n+](C)c1C=NO)S(C)(=O)=O,0.0
881,COc1cc2c(cc1OC)C(=O)C1(C2)C(c2ccccc2Cl)CN(C)C12C(=O)Nc1ccc([N+](=O)[O-])cc12,0.0
882,O=C(CCCN=c1c2c([nH]c3ccccc13)CCCC2)CCCN=c1c2c([nH]c3ccccc13)CCCC2,1.0
883,CC[n+]1cc(C(=O)NC)cc2c(OC(=O)N(C)C)cccc21,1.0
884,CN(Cc1ccc(C#N)cc1)Cc1ccc(COc2ccc3ccc(=O)oc3c2)cc1,0.0
885,CC[N+](C)(CC)CCSC(=NO)C(=O)c1ccc(C#N)cc1,0.0
886,CN(CCCCCOc1ccc2ccc(=O)oc2c1)Cc1cccc(OC(=O)NCCCCCc2ccccc2)c1,1.0
887,COc1cc2c(cc1OC)CN(CC1CCN(Cc3cc(Cl)cc(C=NO)c3O)CC1)CC2,0.0
888,c1ccc(CN2CCC(Cn3cc(Cc4cccc5ccccc45)nn3)CC2)cc1,0.0
889,CN(C)Cc1ccc(CSCc2cccc(CSCc3ccc(CN(C)C)o3)c2)o1,0.0
890,CN1CCC2(C)c3cc(OC(=O)NCCCCCCCN4CCOCC4)ccc3N(C)C12,1.0
891,CCN(C)C(=O)OC1CCCN(Cc2ccccc2)C1,0.0
892,C=CC[N+](C)(C)Cc1cccc(O)c1,0.0
893,COc1ccc(C2=NN(C(C)=O)C(c3ccc(N4CCN(C)CC4)cc3)C2)cc1OC,0.0
894,Cc1ccccc1NC(=O)Oc1ccc2c(c1)C1(C)CCOC1N2C,1.0
895,O=C(NCCCN=c1c2c([nH]c3cc(Cl)ccc13)CCCC2)c1ccc2nc(-c3ccc(Cl)cc3)c3c(c2c1)NCCC3,1.0
896,CC#CCCOC[n+]1ccn(C)c1C=NO,0.0
897,O=C(NCCCCCCCCCCN=c1c2c([nH]c3ccccc13)CCCC2)c1cc(=O)c2cc(O)c(O)cc2o1,1.0
898,CN(CCCCCCCCN1C(=O)c2ccccc2C1=O)Cc1ccccc1,1.0
899,COc1ccc2[nH]cc(CCCN3CCN(C(=O)CN4CCN(C(=O)c5ccc(Cl)cc5)CC4)CC3)c2c1,0.0
900,CC(C1C(O)CC2(C)C3CCC4C5(C)COC(C(F)(C(F)(F)F)C(F)(F)F)=NC5CCC45CC35C(=O)CC12C)N(C)C,0.0
901,N#Cc1c(Cl)[nH]c(=NCCC2CCN(Cc3ccccc3)CC2)c(C#N)c1-c1ccccc1,0.0
902,CN1Cc2c(ccc3c2OCO3)-c2ccc3cc4c(cc3c21)OCO4,0.0
903,COc1cc2c(cc1OC)SC(C(=O)CCc1cc[n+](CC3CCC3)cc1)C2,1.0
904,CCN(CCCCCC(=O)N(C)CCCCCCCCN(C)C(=O)CCCCCN(CC)Cc1ccccc1[N+](=O)[O-])Cc1ccccc1[N+](=O)[O-],1.0
905,COc1ccc(-c2[nH]c(=NC(=O)C3CCN(Cc4ccccc4C)CC3)sc2-c2ccc(OC)cc2)cc1,0.0
906,COc1ccc(CN=c2[nH]c(=NC(C)C)[nH]c3ccccc23)cc1OC,0.0
907,Cc1c(Cl)c(=O)oc2cc(OCCNC3CCN(Cc4ccccc4)CC3)ccc12,0.0
908,CC(C)N1CCN(c2nc(=NCc3ccccc3)cc[nH]2)CC1,0.0
909,CCOc1ccc(Cc2nc3cc(C(=O)N(CC)CCCCN=c4c5c([nH]c6ccccc46)CCCC5)ccc3n2CCC(C)C)cc1,1.0
910,O=C(NCCc1c[nH]c2ccccc12)C1CCN(Cc2ccccc2)CC1,0.0
911,CCNC(=O)Oc1cccc(CN(C)CCCOc2ccc3c(=O)c4ccccc4oc3c2)c1,1.0
912,COc1ccccc1CN1CCCCCCCCN(Cc2ccccc2OC)C(=O)CCCCCNCc2ccc(cc2)CNCCCCCC1=O,0.0
913,CN(C)c1ccc(C2NC(=S)Nc3[nH]c4c(c(=N)c32)CCCC4)cc1,0.0
914,COc1ccc2[nH]cc(CCNC(=O)c3cc[n+](Cc4ccccc4F)cc3)c2c1,0.0
915,CCCCC1=NC2(CCCC2)C(=O)N1Cc1ccc(-c2ccccc2C(=O)OC(C)(C)C)cc1,1.0
